,Id,Temperature (K),Pressure (kPa),Phase,N Components,Component 1,Role 1,Mole Fraction 1,Exact Amount 1,Component 2,Role 2,Mole Fraction 2,Exact Amount 2,Component 3,Role 3,Mole Fraction 3,Exact Amount 3,EnthalpyOfMixing Value (kJ / mol),EnthalpyOfMixing Uncertainty (kJ / mol),DielectricConstant Value (),DielectricConstant Uncertainty (),Density Value (g / ml),Density Uncertainty (g / ml),ExcessMolarVolume Value (cm ** 3 / mol),ExcessMolarVolume Uncertainty (cm ** 3 / mol),Source,match
6,2276010420888753512,298.15,101.0,Liquid,1,CCCCN,Solvent,1.0,,,,,,,,,,,,,,0.7333300000000003,0.00055,,,10.1021/je301167q,lys
677,3429890845281367523,298.15,101.0,Liquid,2,CCCCN,Solvent,0.7599,,NC1CCCCC1,Solvent,0.2401,,,,,,,,,,0.7725000000000002,0.0003,,,10.1007/s10765-010-0752-6,lys
678,8024267758884759044,298.15,101.0,Liquid,2,CCCCN,Solvent,0.4748,,NC1CCCCC1,Solvent,0.5252,,,,,,,,,,0.8132000000000003,0.0003,,,10.1007/s10765-010-0752-6,lys
679,1816775400129750412,298.15,101.0,Liquid,2,CCCCN,Solvent,0.2532,,NC1CCCCC1,Solvent,0.7468,,,,,,,,,,0.8391000000000002,0.0003,,,10.1007/s10765-010-0752-6,lys
692,4900753406087473648,298.15,101.0,Liquid,2,CCCCN,Solvent,0.7579,,O=C1CCCCC1,Solvent,0.2421,,,,,,,,,,0.8136000000000002,0.0003,,,10.1007/s10765-010-0752-6,lys
693,-2045155863752456805,298.15,101.0,Liquid,2,CCCCN,Solvent,0.4721999999999999,,O=C1CCCCC1,Solvent,0.5278,,,,,,,,,,0.8852000000000002,0.0003,,,10.1007/s10765-010-0752-6,lys
694,4493750105138970172,298.15,101.0,Liquid,2,CCCCN,Solvent,0.2512,,O=C1CCCCC1,Solvent,0.7488,,,,,,,,,,0.9199000000000002,0.0003,,,10.1007/s10765-010-0752-6,lys
3743,6286897386928172119,303.15,101.0,Liquid,2,C1CCCCC1,Solvent,0.9127,,CCCCN,Solvent,0.0873,,,,,,,,,,0.7631400000000002,0.00013,,,10.1016/j.tca.2005.08.012,lys
3748,-4393812034190301142,303.15,101.0,Liquid,2,CCCCN,Solvent,0.0859,,c1ccccc1,Solvent,0.9141,,,,,,,,,,0.8548400000000003,0.00013,,,10.1016/j.tca.2005.08.012,lys
4181,-2601063183356095810,298.15,100.0,Liquid,2,CCCCN,Solvent,0.7507,,ClC(Cl)Cl,Solvent,0.2493,,,,,,,,,,0.8938000000000001,0.00019,,,10.1016/j.jct.2008.05.003,lys
4182,2145577421866522546,298.15,100.0,Liquid,2,CCCCN,Solvent,0.5012,,ClC(Cl)Cl,Solvent,0.4988,,,,,,,,,,1.0694600000000003,0.000195,,,10.1016/j.jct.2008.05.003,lys
4183,3204659467366016243,298.15,100.0,Liquid,2,CCCCN,Solvent,0.252,,ClC(Cl)Cl,Solvent,0.748,,,,,,,,,,1.26212,0.000395,,,10.1016/j.jct.2008.05.003,lys
4401,-3112912472774087830,298.15,101.0,Liquid,2,CCCCN,Solvent,0.7502,,CN(C)C=O,Solvent,0.2498,,,,,,0.32,0.01,,,,,,,10.1016/j.fluid.2019.112283,lys
4402,-4158258158354077726,298.15,101.0,Liquid,2,CCCCN,Solvent,0.4992,,CN(C)C=O,Solvent,0.5008,,,,,,0.384,0.0115,,,,,,,10.1016/j.fluid.2019.112283,lys
4403,7371877045501652528,298.15,101.0,Liquid,2,CCCCN,Solvent,0.2440999999999999,,CN(C)C=O,Solvent,0.7559,,,,,,0.245,0.008,,,,,,,10.1016/j.fluid.2019.112283,lys
4404,-5263032551915851885,298.15,100.0,Liquid,2,CCCCN,Solvent,0.7552,,CN(C)C=O,Solvent,0.2448,,,,,,,,,,0.7762150000000002,0.000949,,,10.1021/acs.jced.5b00802,lys
4405,-5689922310030860830,298.15,100.0,Liquid,2,CCCCN,Solvent,0.4972,,CN(C)C=O,Solvent,0.5028,,,,,,,,,,0.8277360000000001,0.001011,,,10.1021/acs.jced.5b00802,lys
4406,9040200600118332431,298.15,100.0,Liquid,2,CCCCN,Solvent,0.2428,,CN(C)C=O,Solvent,0.7572,,,,,,,,,,0.8845160000000002,0.0010795,,,10.1021/acs.jced.5b00802,lys
4419,-8399546958200063127,298.15,101.0,Liquid,2,CC(=O)N(C)C,Solvent,0.2512,,CCCCN,Solvent,0.7488,,,,,,0.165,0.005,,,,,,,10.1016/j.fluid.2019.112283,lys
4420,2425844414548669165,298.15,101.0,Liquid,2,CC(=O)N(C)C,Solvent,0.5005,,CCCCN,Solvent,0.4995,,,,,,0.208,0.0065,,,,,,,10.1016/j.fluid.2019.112283,lys
4421,-5802974180936116478,298.15,101.0,Liquid,2,CC(=O)N(C)C,Solvent,0.7008,,CCCCN,Solvent,0.2992,,,,,,0.16,0.005,,,,,,,10.1016/j.fluid.2019.112283,lys
4759,-4541640813167944899,298.15,101.0,Liquid,2,CCCCCl,Solvent,0.2259,,CCCCN,Solvent,0.7741,,,,,,,,,,0.7666100000000002,0.0001,,,10.1016/j.tca.2010.02.010,lys
4760,1358935306574753483,298.15,101.0,Liquid,2,CCCCCl,Solvent,0.4959,,CCCCN,Solvent,0.5041,,,,,,,,,,0.8055900000000003,9.000000000000002e-05,,,10.1016/j.tca.2010.02.010,lys
4761,6093000299435424226,298.15,101.0,Liquid,2,CCCCCl,Solvent,0.7272,,CCCCN,Solvent,0.2728,,,,,,,,,,0.8395200000000002,8.500000000000002e-05,,,10.1016/j.tca.2010.02.010,lys
4765,-7813980433638583802,298.15,101.0,Liquid,2,CC(C)CO,Solvent,0.7039,,CCCCN,Solvent,0.2961,,,,,,,,,,0.7856200000000002,0.00013,,,10.1016/j.tca.2010.02.010,lys
4766,2434941609416375932,298.15,101.0,Liquid,2,CC(C)CO,Solvent,0.4979,,CCCCN,Solvent,0.5021,,,,,,,,,,0.7735200000000002,0.00012,,,10.1016/j.tca.2010.02.010,lys
4767,-8018612061234279477,298.15,101.0,Liquid,2,CC(C)CO,Solvent,0.2763,,CCCCN,Solvent,0.7237,,,,,,,,,,0.7574500000000002,0.00011,,,10.1016/j.tca.2010.02.010,lys
4969,-8359241391075113205,303.15,101.3,Liquid,2,CCCCN,Solvent,0.0856,,ClC(Cl)(Cl)Cl,Solvent,0.9144,,,,,,,,,,1.5034900000000004,0.000695,,,10.1016/j.tca.2004.08.013,lys
6921,4224300149472633914,298.15,101.0,Liquid,2,C1COCO1,Solvent,0.2001,,CCCCN,Solvent,0.7999,,,,,,,,,,0.7796000000000002,0.0003,,,10.1021/je0504109,lys
6922,7331841138330481853,298.15,101.0,Liquid,2,C1COCO1,Solvent,0.5002,,CCCCN,Solvent,0.4998,,,,,,,,,,0.8641000000000002,0.00035,,,10.1021/je0504109,lys
6923,-4204298984606346913,298.15,101.0,Liquid,2,C1COCO1,Solvent,0.7002,,CCCCN,Solvent,0.2997999999999999,,,,,,,,,,0.9321000000000004,0.0004,,,10.1021/je0504109,lys
6933,3507501055518680549,298.15,101.0,Liquid,2,C1COCCO1,Solvent,0.265,,CCCCN,Solvent,0.735,,,,,,,,,,0.8001000000000003,0.0003,,,10.1021/je0504109,lys
6934,4342672774142495126,298.15,101.0,Liquid,2,C1COCCO1,Solvent,0.4569,,CCCCN,Solvent,0.5431,,,,,,,,,,0.8533000000000002,0.00035,,,10.1021/je0504109,lys
6935,3377938189931305854,298.15,101.0,Liquid,2,C1COCCO1,Solvent,0.7709,,CCCCN,Solvent,0.2290999999999999,,,,,,,,,,0.9492000000000004,0.0004,,,10.1021/je0504109,lys
7647,-7995536833747998803,303.15,101.3,Liquid,2,CCCC(C)(C)O,Solvent,0.7,,CCCCN,Solvent,0.3,,,,,,,,,,0.7957000000000002,0.0005,,,10.1021/je0498053,lys
7648,9209504892481851716,303.15,101.3,Liquid,2,CCCC(C)(C)O,Solvent,0.5001,,CCCCN,Solvent,0.4999,,,,,,,,,,0.7814000000000002,0.0005,,,10.1021/je0498053,lys
7649,3771517670506828267,303.15,101.3,Liquid,2,CCCC(C)(C)O,Solvent,0.1999999999999999,,CCCCN,Solvent,0.8,,,,,,,,,,0.7534000000000002,0.00055,,,10.1021/je0498053,lys
12,-284833292054490528,298.15,101.0,Liquid,1,Cc1ccccc1,Solvent,1.0,,,,,,,,,,,,,,0.8620100000000002,0.00102,,,10.1021/je050414d,phe
710,4471122211925259641,298.15,101.0,Liquid,2,CC(C)=O,Solvent,0.7731,,Cc1ccccc1,Solvent,0.2269,,,,,,,,,,0.8100000000000002,0.0008,,,10.1016/j.jct.2009.12.008,phe
711,-2557812676749058574,298.15,101.0,Liquid,2,CC(C)=O,Solvent,0.2644999999999999,,Cc1ccccc1,Solvent,0.7355,,,,,,,,,,0.8479000000000002,0.00085,,,10.1016/j.jct.2009.12.008,phe
712,8136869421832314099,298.15,101.0,Liquid,2,CC(C)=O,Solvent,0.5,,Cc1ccccc1,Solvent,0.5,,,,,,,,,,0.8319600000000003,0.00015,,,10.1021/je7000182,phe
743,6637749655389882423,298.15,101.0,Liquid,2,COC(C)(C)C,Solvent,0.797,,Cc1ccccc1,Solvent,0.2029999999999999,,,,,,,,,,0.7606670000000002,0.0002715,,,10.1007/s10765-007-0223-x,phe
744,4192458991861619283,298.15,101.0,Liquid,2,COC(C)(C)C,Solvent,0.25908,,Cc1ccccc1,Solvent,0.74092,,,,,,,,,,0.8286200000000002,3.500000000000001e-05,,,10.1016/j.jct.2009.01.008,phe
745,-1054599560619162062,298.15,101.0,Liquid,2,COC(C)(C)C,Solvent,0.5001,,Cc1ccccc1,Solvent,0.4999,,,,,,,,,,0.7987000000000002,0.00015,,,10.1021/je0600799,phe
788,5690639569526247333,298.15,101.0,Liquid,2,C=CC(=O)OCCCC,Solvent,0.7494000000000001,,Cc1ccccc1,Solvent,0.2506,,,,,,,,,,0.8879980000000003,7.900000000000002e-05,,,10.1016/j.jct.2006.05.012,phe
789,6776522480826846818,298.15,101.0,Liquid,2,C=CC(=O)OCCCC,Solvent,0.4985,,Cc1ccccc1,Solvent,0.5015,,,,,,,,,,0.8808470000000002,8.200000000000003e-05,,,10.1016/j.jct.2006.05.012,phe
790,-4534245543123966068,298.15,101.0,Liquid,2,C=CC(=O)OCCCC,Solvent,0.2499,,Cc1ccccc1,Solvent,0.7501,,,,,,,,,,0.8724080000000002,8.500000000000002e-05,,,10.1016/j.jct.2006.05.012,phe
927,5421590149837308253,308.15,101.0,Liquid,2,Cc1ccccc1,Solvent,0.7449,,c1ccccc1,Solvent,0.2551,,,,,,,,,,0.8545000000000001,0.0001,,,10.1007/s10765-009-0667-2,phe
928,-7143976247294427678,308.15,101.0,Liquid,2,Cc1ccccc1,Solvent,0.4967,,c1ccccc1,Solvent,0.5033,,,,,,,,,,0.8566000000000003,0.0001,,,10.1007/s10765-009-0667-2,phe
929,1304813189997725594,308.15,101.0,Liquid,2,Cc1ccccc1,Solvent,0.2699,,c1ccccc1,Solvent,0.7301,,,,,,,,,,0.8591000000000002,0.0001,,,10.1007/s10765-009-0667-2,phe
930,-3061055241139495356,303.15,101.0,Liquid,2,Cc1ccccc1,Solvent,0.247,,c1ccccc1,Solvent,0.753,,,,,,0.0543,0.00075,,,,,,,10.1016/j.tca.2013.01.028,phe
931,2371438207539228845,303.15,101.0,Liquid,2,Cc1ccccc1,Solvent,0.4944,,c1ccccc1,Solvent,0.5056,,,,,,0.0713,0.00085,,,,,,,10.1016/j.tca.2013.01.028,phe
932,-7656963420754300701,303.15,101.0,Liquid,2,Cc1ccccc1,Solvent,0.7685,,c1ccccc1,Solvent,0.2315,,,,,,0.0477,0.00075,,,,,,,10.1016/j.tca.2013.01.028,phe
933,620370801965005224,308.15,101.0,Liquid,2,CCc1ccccc1,Solvent,0.7836,,Cc1ccccc1,Solvent,0.2164,,,,,,,,,,0.8536000000000002,0.0001,,,10.1007/s10765-009-0667-2,phe
934,6922328974575501784,308.15,101.0,Liquid,2,CCc1ccccc1,Solvent,0.5078,,Cc1ccccc1,Solvent,0.4922,,,,,,,,,,0.8534000000000002,0.0001,,,10.1007/s10765-009-0667-2,phe
935,-3987668580302296482,308.15,101.0,Liquid,2,CCc1ccccc1,Solvent,0.2893,,Cc1ccccc1,Solvent,0.7107,,,,,,,,,,0.8532000000000003,0.0001,,,10.1007/s10765-009-0667-2,phe
936,2192178795069908555,298.15,101.3,Liquid,2,CCc1ccccc1,Solvent,0.5,,Cc1ccccc1,Solvent,0.5,,,,,,-0.0092,0.00045,,,,,,,10.1021/je020186c,phe
937,1722076668491585977,298.15,101.0,Liquid,2,CCCCCCC,Solvent,0.4494,,Cc1ccccc1,Solvent,0.5506,,,,,,0.5596,0.00365,,,,,,,10.1016/j.jct.2008.12.004,phe
938,-3754120800290646515,298.15,101.0,Liquid,2,CCCCCCC,Solvent,0.7209,,Cc1ccccc1,Solvent,0.2791,,,,,,,,,,0.7216200000000002,0.01156,,,10.1016/j.jct.2005.10.011,phe
939,4506571157078232909,298.15,101.0,Liquid,2,CCCCCCC,Solvent,0.20638,,Cc1ccccc1,Solvent,0.79362,,,,,,0.402,0.002,,,,,,,10.1021/je400184t,phe
940,-3195370535282339163,298.15,101.0,Liquid,2,CCCCCCC,Solvent,0.72125,,Cc1ccccc1,Solvent,0.27875,,,,,,0.416,0.002,,,,,,,10.1021/je400184t,phe
941,-2258830916523194783,298.15,101.0,Liquid,2,CCCCCCC,Solvent,0.20595,,Cc1ccccc1,Solvent,0.79405,,,,,,,,,,0.8133690000000002,0.000112,,,10.1021/je400184t,phe
942,468024091033301425,298.15,101.0,Liquid,2,CCCCCCC,Solvent,0.44943,,Cc1ccccc1,Solvent,0.55057,,,,,,,,,,0.7645540000000002,0.0001175,,,10.1021/je400184t,phe
958,5753763101186975906,298.15,101.0,Liquid,2,C1CCCCCCC1,Solvent,0.2973,,Cc1ccccc1,Solvent,0.7027,,,,,,,,,,0.8485300000000002,0.00021,,,10.1016/j.fluid.2009.12.019,phe
959,-5530434618699753339,298.15,101.0,Liquid,2,C1CCCCCCC1,Solvent,0.5,,Cc1ccccc1,Solvent,0.5,,,,,,,,,,0.8415000000000002,0.0002,,,10.1021/je900468u,phe
960,6521750905514762623,298.15,101.0,Liquid,2,C1CCCCCCC1,Solvent,0.7981,,Cc1ccccc1,Solvent,0.2018999999999999,,,,,,,,,,0.8344000000000001,0.00025,,,10.1021/je900468u,phe
1297,-6372701585916273440,298.15,101.0,Liquid,2,CN1CCOCC1,Solvent,0.7545,,Cc1ccccc1,Solvent,0.2455,,,,,,,,,,0.9030800000000002,0.00046,,,10.1016/j.jct.2007.11.002,phe
1298,6890888142937954672,298.15,101.0,Liquid,2,CN1CCOCC1,Solvent,0.5159,,Cc1ccccc1,Solvent,0.4841,,,,,,,,,,0.8919200000000002,0.0004,,,10.1016/j.jct.2007.11.002,phe
1299,3035449652300413097,298.15,101.0,Liquid,2,CN1CCOCC1,Solvent,0.2351999999999999,,Cc1ccccc1,Solvent,0.7648,,,,,,,,,,0.8767300000000002,0.000355,,,10.1016/j.jct.2007.11.002,phe
1483,-2758843409703520680,298.15,101.0,Liquid,2,CNc1ccccc1,Solvent,0.2952,,Cc1ccccc1,Solvent,0.7048,,,,,,0.459,0.005,,,,,,,10.1016/j.jct.2012.07.006,phe
1484,8550989077123896636,298.15,101.0,Liquid,2,CNc1ccccc1,Solvent,0.4973,,Cc1ccccc1,Solvent,0.5026999999999999,,,,,,0.497,0.0055,,,,,,,10.1016/j.jct.2012.07.006,phe
1485,-2580561430252606041,298.15,101.0,Liquid,2,CNc1ccccc1,Solvent,0.7892,,Cc1ccccc1,Solvent,0.2108,,,,,,0.287,0.003,,,,,,,10.1016/j.jct.2012.07.006,phe
1486,-8721952549719408377,298.15,100.0,Liquid,2,CNc1ccccc1,Solvent,0.2452,,Cc1ccccc1,Solvent,0.7548,,,,,,,,,,0.8935250000000002,0.000118,,,10.1021/je400134d,phe
1487,-409506278296214208,298.15,100.0,Liquid,2,CNc1ccccc1,Solvent,0.49,,Cc1ccccc1,Solvent,0.51,,,,,,,,,,0.9235800000000004,0.000164,,,10.1021/je400134d,phe
1488,2148694292132989664,298.15,100.0,Liquid,2,CNc1ccccc1,Solvent,0.7407,,Cc1ccccc1,Solvent,0.2593,,,,,,,,,,0.9531280000000004,0.0002595,,,10.1021/je400134d,phe
1537,-1495494210481446981,298.15,101.0,Liquid,2,CCCCCCCC,Solvent,0.25241,,Cc1ccccc1,Solvent,0.74759,,,,,,,,,,0.8051300000000002,0.000215,,,10.1016/j.jct.2007.10.010,phe
1538,7044102238711172606,298.15,101.3,Liquid,2,CCCCCCCC,Solvent,0.5005,,Cc1ccccc1,Solvent,0.4995,,,,,,,,,,0.7619200000000002,0.000115,,,10.1016/j.jct.2010.01.008,phe
1539,-3263084241597305732,298.15,101.0,Liquid,2,CCCCCCCC,Solvent,0.7209,,Cc1ccccc1,Solvent,0.2791,,,,,,,,,,0.7316200000000002,0.000475,,,10.1016/j.jct.2005.10.011,phe
1642,3958977327503289788,298.15,101.3,Liquid,2,CCCCCCCCC,Solvent,0.4954,,Cc1ccccc1,Solvent,0.5045999999999999,,,,,,,,,,0.7680200000000001,0.000115,,,10.1016/j.jct.2010.01.008,phe
1643,6506040944181813651,298.15,101.0,Liquid,2,CCCCCCCCC,Solvent,0.7185,,Cc1ccccc1,Solvent,0.2815,,,,,,,,,,0.7399700000000002,0.00047,,,10.1016/j.jct.2005.10.011,phe
1644,4679457024110181655,298.15,101.0,Liquid,2,CCCCCCCCC,Solvent,0.2405,,Cc1ccccc1,Solvent,0.7595,,,,,,,,,,0.8098700000000002,0.000375,,,10.1016/j.jct.2005.10.011,phe
1672,596418288715839049,303.15,101.0,Liquid,2,CN1CCCC1=O,Solvent,0.4815,,Cc1ccccc1,Solvent,0.5185,,,,,,,,,,0.9415400000000002,0.00028,,,10.1016/j.jct.2006.06.005,phe
1673,5154067605683940365,293.15,101.0,Liquid,2,CN1CCCC1=O,Solvent,0.2216,,Cc1ccccc1,Solvent,0.7784,,,,,,,,,,0.9061600000000002,0.00076,,,10.1016/j.jct.2006.05.006,phe
1674,-3653223697415245122,303.15,101.0,Liquid,2,CN1CCCC1=O,Solvent,0.7564,,Cc1ccccc1,Solvent,0.2436,,,,,,,,,,0.9854500000000004,0.00034,,,10.1016/j.jct.2006.05.006,phe
1675,4028074673183361333,308.15,101.0,Liquid,2,CN1CCCC1=O,Solvent,0.2231,,Cc1ccccc1,Solvent,0.7769,,,,,,-0.1889,0.00215,,,,,,,10.1016/j.jct.2010.12.016,phe
1676,1499185098660020144,308.15,101.0,Liquid,2,CN1CCCC1=O,Solvent,0.4821,,Cc1ccccc1,Solvent,0.5179,,,,,,-0.2985,0.0033,,,,,,,10.1016/j.jct.2010.12.016,phe
1677,-264001467151674424,308.15,101.0,Liquid,2,CN1CCCC1=O,Solvent,0.7418,,Cc1ccccc1,Solvent,0.2582,,,,,,-0.2141,0.0024,,,,,,,10.1016/j.jct.2010.12.016,phe
1729,5083658946342522321,298.15,101.0,Liquid,2,CC(C)CC(C)(C)C,Solvent,0.74668,,Cc1ccccc1,Solvent,0.25332,,,,,,,,,,0.7185100000000002,8.500000000000002e-05,,,10.1016/j.jct.2010.03.005,phe
1730,5068436601593914226,298.15,101.0,Liquid,2,CC(C)CC(C)(C)C,Solvent,0.505,,Cc1ccccc1,Solvent,0.495,,,,,,,,,,0.7546400000000002,8.000000000000002e-05,,,10.1016/j.jct.2010.03.005,phe
1731,2184200625527054613,298.15,101.0,Liquid,2,CC(C)CC(C)(C)C,Solvent,0.25644,,Cc1ccccc1,Solvent,0.74356,,,,,,,,,,0.8009200000000002,7.000000000000002e-05,,,10.1016/j.jct.2010.03.005,phe
1732,7984347647830445840,298.15,101.0,Liquid,2,CS(C)=O,Solvent,0.7477,,Cc1ccccc1,Solvent,0.2523,,,,,,0.5955,0.00645,,,,,,,10.1016/j.fluid.2007.10.017,phe
1733,-2313117146546164725,298.15,101.0,Liquid,2,CS(C)=O,Solvent,0.4929,,Cc1ccccc1,Solvent,0.5071,,,,,,0.7558,0.00815,,,,,,,10.1016/j.fluid.2007.10.017,phe
1734,-4560522568522002299,298.15,101.0,Liquid,2,CS(C)=O,Solvent,0.1788999999999999,,Cc1ccccc1,Solvent,0.8211,,,,,,0.5045,0.0055,,,,,,,10.1016/j.fluid.2007.10.017,phe
1735,20685355170189150,303.15,101.325,Liquid,2,CS(C)=O,Solvent,0.7437,,Cc1ccccc1,Solvent,0.2563,,,,,,,,,,1.0145700000000002,0.0002,,,10.1016/j.jct.2004.07.024,phe
1736,5832693074167562506,303.15,101.325,Liquid,2,CS(C)=O,Solvent,0.4831,,Cc1ccccc1,Solvent,0.5169,,,,,,,,,,0.9509800000000004,0.0003,,,10.1016/j.jct.2004.07.024,phe
1737,661705335517518136,303.15,101.325,Liquid,2,CS(C)=O,Solvent,0.2501,,Cc1ccccc1,Solvent,0.7499,,,,,,,,,,0.9031800000000002,0.000385,,,10.1016/j.jct.2004.07.024,phe
1807,503298714847329091,298.15,101.0,Liquid,2,CCOC(C)(C)C,Solvent,0.2489,,Cc1ccccc1,Solvent,0.7511,,,,,,-0.0324,0.0005,,,,,,,10.1016/j.jct.2008.12.004,phe
1808,799072965328212889,298.15,101.0,Liquid,2,CCOC(C)(C)C,Solvent,0.5019,,Cc1ccccc1,Solvent,0.4981,,,,,,-0.046,0.00055,,,,,,,10.1016/j.jct.2008.12.004,phe
1809,-2284245996977233470,298.15,101.0,Liquid,2,CCOC(C)(C)C,Solvent,0.7495,,Cc1ccccc1,Solvent,0.2504999999999999,,,,,,-0.0348,0.0005,,,,,,,10.1016/j.jct.2008.12.004,phe
1810,7856878221754047948,298.15,101.3,Liquid,2,CCOC(C)(C)C,Solvent,0.217,,Cc1ccccc1,Solvent,0.783,,,,,,,,,,0.8314450000000002,0.000411,,,10.1016/j.jct.2007.05.005,phe
1811,-2780706159932166557,298.15,101.3,Liquid,2,CCOC(C)(C)C,Solvent,0.505,,Cc1ccccc1,Solvent,0.495,,,,,,,,,,0.7937390000000002,0.000467,,,10.1016/j.jct.2007.05.005,phe
1812,-4735368697144180250,298.15,101.3,Liquid,2,CCOC(C)(C)C,Solvent,0.701,,Cc1ccccc1,Solvent,0.299,,,,,,,,,,0.7696300000000001,0.000503,,,10.1016/j.jct.2007.05.005,phe
1819,9177862283334024024,313.15,101.0,Liquid,2,C1CCCCC1,Solvent,0.1003,,Cc1ccccc1,Solvent,0.8996999999999999,,,,,,0.2015,0.0015,,,,,,,10.1016/j.jct.2008.12.004,phe
1820,-3987848680569943728,298.15,101.0,Liquid,2,C1CCCCC1,Solvent,0.3976,,Cc1ccccc1,Solvent,0.6024,,,,,,0.5887,0.0038,,,,,,,10.1016/j.jct.2008.12.004,phe
1821,4533420223573233570,313.15,101.0,Liquid,2,C1CCCCC1,Solvent,0.6979,,Cc1ccccc1,Solvent,0.3021,,,,,,0.5221,0.0034,,,,,,,10.1016/j.jct.2008.12.004,phe
1822,-5666795039530637721,298.15,101.0,Liquid,2,C1CCCCC1,Solvent,0.3975,,Cc1ccccc1,Solvent,0.6025,,,,,,,,,,0.8228000000000002,0.0002,,,10.1021/je900468u,phe
1823,-1355687695247952466,313.15,101.0,Liquid,2,C1CCCCC1,Solvent,0.0999999999999999,,Cc1ccccc1,Solvent,0.9,,,,,,,,,,0.8378000000000001,0.00025,,,10.1021/acs.jced.7b01003,phe
1824,7481884690504213590,313.15,101.0,Liquid,2,C1CCCCC1,Solvent,0.6977,,Cc1ccccc1,Solvent,0.3023,,,,,,,,,,0.7818000000000002,0.00041,,,10.1021/je800940j,phe
1870,7047390893085347906,293.15,101.0,Liquid,2,CC(=O)N1CCOCC1,Solvent,0.7127,,Cc1ccccc1,Solvent,0.2873,,,,,,,,,,1.0533,0.003,,,10.1016/j.jct.2008.07.009,phe
1871,-877152178809382643,293.15,101.0,Liquid,2,CC(=O)N1CCOCC1,Solvent,0.5046999999999999,,Cc1ccccc1,Solvent,0.4953,,,,,,,,,,1.0051000000000003,0.003,,,10.1016/j.jct.2008.07.009,phe
1872,-7084541272903194128,293.15,101.0,Liquid,2,CC(=O)N1CCOCC1,Solvent,0.2438,,Cc1ccccc1,Solvent,0.7562,,,,,,,,,,0.9378000000000002,0.003,,,10.1016/j.jct.2008.07.009,phe
1894,-1604348715089880010,298.15,101.0,Liquid,2,CC(=O)c1ccccc1,Solvent,0.74302,,Cc1ccccc1,Solvent,0.25698,,,,,,,,,,0.9861700000000002,0.000205,,,10.1016/j.jct.2004.11.023,phe
1895,6955136454918997864,298.15,101.0,Liquid,2,CC(=O)c1ccccc1,Solvent,0.4770999999999999,,Cc1ccccc1,Solvent,0.5229,,,,,,,,,,0.9445000000000002,0.00095,,,10.1016/j.jct.2009.12.008,phe
1896,-3641291708417202118,298.15,101.0,Liquid,2,CC(=O)c1ccccc1,Solvent,0.2843,,Cc1ccccc1,Solvent,0.7157,,,,,,,,,,0.9121000000000002,0.0009,,,10.1016/j.jct.2009.12.008,phe
2041,5577700773700189863,298.15,101.0,Liquid,2,CCO,Solvent,0.75799,,Cc1ccccc1,Solvent,0.2420099999999999,,,,,,,,,,0.8147200000000002,5.5000000000000016e-05,,,10.1016/j.jct.2011.06.021,thr
2042,-1725825988514342241,298.15,101.32,Liquid,2,CCO,Solvent,0.2354,,Cc1ccccc1,Solvent,0.7646,,,,,,,,,,0.8509200000000001,0.000215,,,10.1016/j.jct.2005.05.004,thr
2043,7713953013322156093,298.15,101.3,Liquid,2,CCO,Solvent,0.4996,,Cc1ccccc1,Solvent,0.5004,,,,,,,,,,0.8357000000000002,0.00015,,,10.1016/j.fluid.2007.08.020,thr
2300,1244738216935999396,298.15,101.0,Liquid,2,Cc1ccccc1,Solvent,0.7486999999999999,,ClCCl,Solvent,0.2513,,,,,,,,,,0.93806,4.000000000000001e-05,,,10.1016/j.jct.2009.05.003,phe
2301,-5097501678464623322,298.15,101.0,Liquid,2,Cc1ccccc1,Solvent,0.5004,,ClCCl,Solvent,0.4996,,,,,,,,,,1.03032,4.000000000000001e-05,,,10.1016/j.jct.2009.05.003,phe
2302,7756124646562072824,298.15,101.0,Liquid,2,Cc1ccccc1,Solvent,0.2513999999999999,,ClCCl,Solvent,0.7486,,,,,,,,,,1.1512300000000002,7.000000000000002e-05,,,10.1016/j.jct.2009.05.003,phe
2309,378523327201731071,298.15,101.0,Liquid,2,CCCCO,Solvent,0.26236,,Cc1ccccc1,Solvent,0.73764,,,,,,,,,,0.8481400000000002,7.000000000000002e-05,,,10.1016/j.jct.2013.05.009,phe
2310,8568756634898844237,298.15,101.0,Liquid,2,CCCCO,Solvent,0.3993299999999999,,Cc1ccccc1,Solvent,0.60067,,,,,,,,,,0.8410100000000001,7.000000000000002e-05,,,10.1016/j.jct.2013.05.009,phe
2311,7475897461485576053,298.15,101.0,Liquid,2,CCCCO,Solvent,0.7988999999999999,,Cc1ccccc1,Solvent,0.2011,,,,,,0.4226,0.0049,,,,,,,10.1016/j.fluid.2011.11.005,phe
2312,-71533157046428905,298.15,101.0,Liquid,2,CCCCO,Solvent,0.3991,,Cc1ccccc1,Solvent,0.6009,,,,,,0.9984,0.01075,,,,,,,10.1016/j.fluid.2011.11.005,phe
2313,833050947100361119,298.15,101.0,Liquid,2,CCCCO,Solvent,0.2488,,Cc1ccccc1,Solvent,0.7512,,,,,,0.9786,0.01055,,,,,,,10.1016/j.fluid.2011.11.005,phe
2314,9159988058425631934,298.15,101.0,Liquid,2,CCCCO,Solvent,0.79918,,Cc1ccccc1,Solvent,0.20082,,,,,,,,,,0.8187200000000002,7.000000000000002e-05,,,10.1016/j.jct.2015.06.009,phe
2406,4659291712096236372,298.15,101.0,Liquid,2,CC1CCCCC1,Solvent,0.5031,,Cc1ccccc1,Solvent,0.4969,,,,,,,,,,0.8063000000000001,0.00035,,,10.1016/j.jct.2005.12.005,phe
2407,6438809762687040811,298.15,101.0,Liquid,2,CC1CCCCC1,Solvent,0.7061,,Cc1ccccc1,Solvent,0.2939,,,,,,,,,,0.7878000000000002,0.0004,,,10.1016/j.jct.2005.12.005,phe
2408,7503446722094298941,298.15,101.0,Liquid,2,CC1CCCCC1,Solvent,0.2951,,Cc1ccccc1,Solvent,0.7049000000000001,,,,,,,,,,0.8274000000000001,0.00015,,,10.1021/je900468u,phe
2467,3536508226092681019,298.15,101.0,Liquid,2,CC(C)OC(C)C,Solvent,0.2004,,Cc1ccccc1,Solvent,0.7996,,,,,,,,,,0.8299700000000002,0.00014,,,10.1016/j.fluid.2008.06.019,phe
2468,1781883537892764756,298.15,101.0,Liquid,2,CC(C)OC(C)C,Solvent,0.5003,,Cc1ccccc1,Solvent,0.4997,,,,,,,,,,0.7849200000000002,0.000155,,,10.1016/j.fluid.2008.06.019,phe
2469,-5095302191415792662,298.15,101.0,Liquid,2,CC(C)OC(C)C,Solvent,0.7004,,Cc1ccccc1,Solvent,0.2996,,,,,,,,,,0.7573100000000001,0.000155,,,10.1016/j.fluid.2008.06.019,phe
2470,534602953909799007,303.15,101.0,Liquid,2,CC(C)OC(C)C,Solvent,0.228,,Cc1ccccc1,Solvent,0.772,,,,,,0.0593,0.00515,,,,,,,10.1016/j.fluid.2007.03.017,phe
2471,153742188475558547,303.15,101.0,Liquid,2,CC(C)OC(C)C,Solvent,0.455,,Cc1ccccc1,Solvent,0.5449999999999999,,,,,,0.0323,0.0051,,,,,,,10.1016/j.fluid.2007.03.017,phe
2472,-8438071851210017206,303.15,101.0,Liquid,2,CC(C)OC(C)C,Solvent,0.752,,Cc1ccccc1,Solvent,0.248,,,,,,-0.0091,0.00505,,,,,,,10.1016/j.fluid.2007.03.017,phe
2473,-5592198193418688321,313.15,100.0,Liquid,2,CCCO,Solvent,0.25,,Cc1ccccc1,Solvent,0.75,,,,,,,,,,0.8351000000000002,0.0005,,,10.1016/j.fluid.2006.05.032,phe
2474,8440489108623048600,313.15,100.0,Liquid,2,CCCO,Solvent,0.7999,,Cc1ccccc1,Solvent,0.2001,,,,,,0.555,0.006,,,,,,,10.1016/j.jct.2015.01.003,phe
2475,-3799832517889934021,313.15,100.0,Liquid,2,CCCO,Solvent,0.4004999999999999,,Cc1ccccc1,Solvent,0.5995,,,,,,1.224,0.007,,,,,,,10.1016/j.jct.2015.01.003,phe
2476,7823058683939493242,313.15,100.0,Liquid,2,CCCO,Solvent,0.2499,,Cc1ccccc1,Solvent,0.7501,,,,,,1.203,0.007,,,,,,,10.1016/j.jct.2015.01.003,phe
2477,1257245651515389143,313.15,100.0,Liquid,2,CCCO,Solvent,0.4,,Cc1ccccc1,Solvent,0.6,,,,,,,,,,0.8280000000000002,0.00015,,,10.1021/je049685z,phe
2478,3181550761414876700,313.15,100.0,Liquid,2,CCCO,Solvent,0.8,,Cc1ccccc1,Solvent,0.1999999999999999,,,,,,,,,,0.8038000000000002,0.00015,,,10.1021/je049685z,phe
2566,-8577291082075214443,298.15,101.0,Liquid,2,CC(=O)OC(C)(C)C,Solvent,0.2993,,Cc1ccccc1,Solvent,0.7007,,,,,,,,,,0.8612000000000003,0.00025,,,10.1016/j.jct.2011.04.008,phe
2567,8295807452580383184,298.15,101.0,Liquid,2,CC(=O)OC(C)(C)C,Solvent,0.4983,,Cc1ccccc1,Solvent,0.5017,,,,,,,,,,0.8605000000000002,0.00025,,,10.1016/j.jct.2011.04.008,phe
2568,-5758888104981614481,298.15,101.0,Liquid,2,CC(=O)OC(C)(C)C,Solvent,0.7972,,Cc1ccccc1,Solvent,0.2027999999999999,,,,,,,,,,0.8603000000000002,0.00025,,,10.1016/j.jct.2011.04.008,phe
2662,7857917594269733,298.15,101.0,Liquid,2,Cc1ccccc1,Solvent,0.2251,,OC1CCCCC1,Solvent,0.7749,,,,,,,,,,0.9247300000000004,0.00026,,,10.1016/j.fluid.2016.12.001,phe
2663,-8160266731304984559,298.15,101.0,Liquid,2,Cc1ccccc1,Solvent,0.5121,,OC1CCCCC1,Solvent,0.4879,,,,,,,,,,0.8998400000000002,0.000145,,,10.1016/j.fluid.2016.12.001,phe
2664,-4653474434349792799,298.15,101.0,Liquid,2,Cc1ccccc1,Solvent,0.801,,OC1CCCCC1,Solvent,0.1989999999999999,,,,,,,,,,0.8765500000000002,9.000000000000002e-05,,,10.1016/j.fluid.2016.12.001,phe
2871,9184484999796065358,298.15,101.0,Liquid,2,CCCCCC,Solvent,0.1588,,Cc1ccccc1,Solvent,0.8412,,,,,,,,,,0.8226300000000002,0.000335,,,10.1016/j.jct.2005.10.011,phe
2872,2107642709388604832,298.15,101.0,Liquid,2,CCCCCC,Solvent,0.1586,,Cc1ccccc1,Solvent,0.8414,,,,,,0.3163,0.0043,,,,,,,10.1016/j.jct.2006.08.011,phe
2873,-2579705071655245557,298.15,101.0,Liquid,2,CCCCCC,Solvent,0.4723,,Cc1ccccc1,Solvent,0.5277000000000001,,,,,,0.5467,0.00715,,,,,,,10.1016/j.jct.2006.08.011,phe
2874,-8287237611334587028,298.15,101.0,Liquid,2,CCCCCC,Solvent,0.7484,,Cc1ccccc1,Solvent,0.2516,,,,,,0.393,0.00525,,,,,,,10.1016/j.jct.2006.08.011,phe
2875,-7463755491061790420,298.15,101.0,Liquid,2,CCCCCC,Solvent,0.7338,,Cc1ccccc1,Solvent,0.2662,,,,,,,,,,0.7020900000000002,0.000305,,,10.1016/j.jct.2006.08.011,phe
2876,457621142494725683,298.15,101.0,Liquid,2,CCCCCC,Solvent,0.5011,,Cc1ccccc1,Solvent,0.4989,,,,,,,,,,0.7484400000000002,0.00015,,,10.1021/je900557u,phe
3164,5327991140621971589,298.15,101.0,Liquid,2,COC(=O)OC,Solvent,0.2001,,Cc1ccccc1,Solvent,0.7999,,,,,,,,,,0.8936900000000003,4.500000000000001e-05,,,10.1016/j.fluid.2011.01.007,phe
3165,4526306188414197834,298.15,101.0,Liquid,2,COC(=O)OC,Solvent,0.4999,,Cc1ccccc1,Solvent,0.5001,,,,,,,,,,0.9482600000000002,0.000125,,,10.1021/je0602263,phe
3166,4095994854721088829,298.15,101.0,Liquid,2,COC(=O)OC,Solvent,0.7,,Cc1ccccc1,Solvent,0.3,,,,,,,,,,0.9899400000000004,9.500000000000002e-05,,,10.1021/je0602263,phe
3299,-3256315315259465556,298.15,101.0,Liquid,2,CCCCOCCCC,Solvent,0.2499,,Cc1ccccc1,Solvent,0.7501,,,,,,0.0742,0.00095,,,,,,,10.1016/j.fluid.2011.11.005,phe
3300,-3415233549537040241,298.15,101.0,Liquid,2,CCCCOCCCC,Solvent,0.5002,,Cc1ccccc1,Solvent,0.4998,,,,,,0.0783,0.001,,,,,,,10.1016/j.fluid.2011.11.005,phe
3301,9159225186989323874,298.15,101.0,Liquid,2,CCCCOCCCC,Solvent,0.7495,,Cc1ccccc1,Solvent,0.2504999999999999,,,,,,0.048,0.0007,,,,,,,10.1016/j.fluid.2011.11.005,phe
3302,791388711507762096,298.15,101.3,Liquid,2,CCCCOCCCC,Solvent,0.1995,,Cc1ccccc1,Solvent,0.8005,,,,,,,,,,0.8351000000000002,0.00015,,,10.1016/j.fluid.2007.08.020,phe
3303,-6657973809091412957,298.15,101.3,Liquid,2,CCCCOCCCC,Solvent,0.4994,,Cc1ccccc1,Solvent,0.5005999999999999,,,,,,,,,,0.8030000000000002,0.00015,,,10.1016/j.fluid.2007.08.020,phe
3304,-7367960419256578044,298.15,101.3,Liquid,2,CCCCOCCCC,Solvent,0.799,,Cc1ccccc1,Solvent,0.2009999999999999,,,,,,,,,,0.7781000000000002,0.00015,,,10.1016/j.fluid.2007.08.020,phe
3341,-1111082247511727485,303.15,101.0,Liquid,2,Cc1ccccc1,Solvent,0.7806,,Cc1cncc(C)c1,Solvent,0.2194,,,,,,0.078,0.005,,,,,,,10.1016/j.fluid.2005.11.016,phe
3342,-543935680375003022,303.15,101.0,Liquid,2,Cc1ccccc1,Solvent,0.5921000000000001,,Cc1cncc(C)c1,Solvent,0.4079,,,,,,0.106,0.005,,,,,,,10.1016/j.fluid.2005.11.016,phe
3343,2652125383718745730,303.15,101.0,Liquid,2,Cc1cccc(C)n1,Solvent,0.2129,,Cc1ccccc1,Solvent,0.7871,,,,,,0.083,0.005,,,,,,,10.1016/j.fluid.2005.11.016,phe
3344,6732899211708081026,303.15,101.0,Liquid,2,Cc1cccc(C)n1,Solvent,0.4479,,Cc1ccccc1,Solvent,0.5521,,,,,,0.087,0.005,,,,,,,10.1016/j.fluid.2005.11.016,phe
3345,3958324100136370233,303.15,101.0,Liquid,2,Cc1cccc(C)n1,Solvent,0.7248,,Cc1ccccc1,Solvent,0.2752,,,,,,0.064,0.005,,,,,,,10.1016/j.fluid.2005.11.016,phe
3587,-6178287398899125342,298.15,101.0,Liquid,2,C=C(C)C(=O)OC,Solvent,0.7503,,Cc1ccccc1,Solvent,0.2497,,,,,,,,,,0.9184500000000002,6.850000000000003e-05,,,10.1016/j.jct.2006.05.012,phe
3588,-1436388715779671531,298.15,101.0,Liquid,2,C=C(C)C(=O)OC,Solvent,0.5,,Cc1ccccc1,Solvent,0.5,,,,,,,,,,0.8995560000000002,7.500000000000002e-05,,,10.1016/j.jct.2006.05.012,phe
3589,-5496973329463971378,298.15,101.0,Liquid,2,C=C(C)C(=O)OC,Solvent,0.2501,,Cc1ccccc1,Solvent,0.7499,,,,,,,,,,0.8808400000000003,8.200000000000003e-05,,,10.1016/j.jct.2006.05.012,phe
3639,4451933015625735288,298.15,101.0,Liquid,2,CCCCC,Solvent,0.7201,,Cc1ccccc1,Solvent,0.2799,,,,,,,,,,0.6872100000000002,0.000435,,,10.1016/j.jct.2005.10.011,phe
3640,-6733948436125590575,298.15,101.0,Liquid,2,CCCCC,Solvent,0.5659000000000001,,Cc1ccccc1,Solvent,0.4341,,,,,,,,,,0.7243000000000002,0.000405,,,10.1016/j.jct.2005.10.011,phe
3641,6786167577470255782,298.15,101.0,Liquid,2,CCCCC,Solvent,0.2498,,Cc1ccccc1,Solvent,0.7502,,,,,,,,,,0.8003200000000003,0.00035,,,10.1016/j.jct.2005.10.011,phe
3657,-4530020329632787037,303.15,101.0,Liquid,2,Cc1ccccc1,Solvent,0.2304,,O=[N+]([O-])c1ccccc1,Solvent,0.7696000000000001,,,,,,,,,,1.1157300000000003,0.00085,,,10.1016/j.jct.2004.12.008,phe
3658,-6849966284718787567,303.15,101.0,Liquid,2,Cc1ccccc1,Solvent,0.5072,,O=[N+]([O-])c1ccccc1,Solvent,0.4928,,,,,,,,,,1.0227300000000004,0.000585,,,10.1016/j.jct.2004.12.008,phe
3659,-4411246191477858423,303.15,101.0,Liquid,2,Cc1ccccc1,Solvent,0.7235,,O=[N+]([O-])c1ccccc1,Solvent,0.2764999999999999,,,,,,,,,,0.9502700000000002,0.000785,,,10.1016/j.jct.2004.12.008,phe
3678,-5144740422999376590,308.15,100.0,Liquid,2,Cc1ccccc1,Solvent,0.7223999999999999,,Cc1ccccc1N,Solvent,0.2776,,,,,,0.2743,0.00305,,,,,,,10.1016/j.tca.2007.12.006,phe
3679,-7202343014100925306,308.15,100.0,Liquid,2,Cc1ccccc1,Solvent,0.5287,,Cc1ccccc1N,Solvent,0.4713,,,,,,0.4336,0.00475,,,,,,,10.1016/j.tca.2007.12.006,phe
3680,4799198186226542869,308.15,100.0,Liquid,2,Cc1ccccc1,Solvent,0.262,,Cc1ccccc1N,Solvent,0.738,,,,,,0.385,0.0042,,,,,,,10.1016/j.tca.2007.12.006,phe
3696,3152637957926541903,308.15,101.0,Liquid,2,C1CCOCC1,Solvent,0.2806,,Cc1ccccc1,Solvent,0.7194,,,,,,-0.1687,0.00195,,,,,,,10.1016/j.jct.2010.07.016,phe
3697,-2908168551989611665,308.15,101.0,Liquid,2,C1CCOCC1,Solvent,0.5319,,Cc1ccccc1,Solvent,0.4680999999999999,,,,,,-0.2225,0.0025,,,,,,,10.1016/j.jct.2010.07.016,phe
3698,3092303130313010359,308.15,101.0,Liquid,2,C1CCOCC1,Solvent,0.7413,,Cc1ccccc1,Solvent,0.2587,,,,,,-0.1629,0.0019,,,,,,,10.1016/j.jct.2010.07.016,phe
3699,7449747942560048996,298.15,101.0,Liquid,2,C1CCOCC1,Solvent,0.2387,,Cc1ccccc1,Solvent,0.7613,,,,,,,,,,0.8669900000000003,0.000505,,,10.1021/je5004719,phe
3700,-5811742645464383448,298.15,101.0,Liquid,2,C1CCOCC1,Solvent,0.4915,,Cc1ccccc1,Solvent,0.5085,,,,,,,,,,0.8715100000000002,0.000505,,,10.1021/je5004719,phe
3701,-6228714700386361271,298.15,101.0,Liquid,2,C1CCOCC1,Solvent,0.7321,,Cc1ccccc1,Solvent,0.2679,,,,,,,,,,0.8754100000000001,0.000505,,,10.1021/je5004719,phe
3849,-6322240539737266148,298.15,101.0,Liquid,2,CCC(=O)c1ccccc1,Solvent,0.72227,,Cc1ccccc1,Solvent,0.27773,,,,,,,,,,0.9731300000000004,0.00012,,,10.1016/j.jct.2005.01.007,phe
3850,8682364020170487593,298.15,101.0,Liquid,2,CCC(=O)c1ccccc1,Solvent,0.5452699999999999,,Cc1ccccc1,Solvent,0.45473,,,,,,,,,,0.9500900000000002,0.00014,,,10.1016/j.jct.2005.01.007,phe
3851,1287083562580322714,298.15,101.0,Liquid,2,CCC(=O)c1ccccc1,Solvent,0.27966,,Cc1ccccc1,Solvent,0.72034,,,,,,,,,,0.9109000000000002,0.000175,,,10.1016/j.jct.2005.01.007,phe
3888,6426142182849961542,303.15,100.0,Liquid,2,Cc1ccccc1,Solvent,0.744,,Cc1cnccn1,Solvent,0.256,,,,,,0.048,0.0025,,,,,,,10.1016/j.fluid.2015.03.033,phe
3889,4700366892934377194,303.15,100.0,Liquid,2,Cc1ccccc1,Solvent,0.525,,Cc1cnccn1,Solvent,0.475,,,,,,0.075,0.004,,,,,,,10.1016/j.fluid.2015.03.033,phe
3890,744330298254623418,303.15,100.0,Liquid,2,Cc1ccccc1,Solvent,0.24,,Cc1cnccn1,Solvent,0.76,,,,,,0.029,0.0015,,,,,,,10.1016/j.fluid.2015.03.033,phe
3903,-6460237524246444847,298.15,101.0,Liquid,2,CCC(C)=O,Solvent,0.7376,,Cc1ccccc1,Solvent,0.2624,,,,,,,,,,0.8193000000000001,0.00085,,,10.1016/j.jct.2009.12.008,phe
3904,-3240057819717163046,298.15,101.0,Liquid,2,CCC(C)=O,Solvent,0.4445,,Cc1ccccc1,Solvent,0.5555,,,,,,,,,,0.8388000000000001,0.00085,,,10.1016/j.jct.2009.12.008,phe
3905,-3359686055816490522,298.15,101.0,Liquid,2,CCC(C)=O,Solvent,0.2309999999999999,,Cc1ccccc1,Solvent,0.769,,,,,,,,,,0.8503000000000002,0.00085,,,10.1016/j.jct.2009.12.008,phe
4222,6879684701371004730,298.15,101.0,Liquid,2,CCCOC(=O)CC,Solvent,0.2389,,Cc1ccccc1,Solvent,0.7611,,,,,,-0.1404,0.0037,,,,,,,10.1016/j.jct.2006.08.011,phe
4223,7533955396943070035,298.15,101.0,Liquid,2,CCCOC(=O)CC,Solvent,0.5486,,Cc1ccccc1,Solvent,0.4514,,,,,,-0.1583,0.004,,,,,,,10.1016/j.jct.2006.08.011,phe
4224,-6281380511310672276,298.15,101.0,Liquid,2,CCCOC(=O)CC,Solvent,0.7394,,Cc1ccccc1,Solvent,0.2606,,,,,,-0.1135,0.0033,,,,,,,10.1016/j.jct.2006.08.011,phe
4225,-3921203292334636021,298.15,101.3,Liquid,2,CCCOC(=O)CC,Solvent,0.2747,,Cc1ccccc1,Solvent,0.7253000000000001,,,,,,,,,,0.8675700000000003,0.00018,,,10.1016/j.jct.2006.08.011,phe
4226,-3322916362858866865,298.15,101.3,Liquid,2,CCCOC(=O)CC,Solvent,0.4907,,Cc1ccccc1,Solvent,0.5093,,,,,,,,,,0.8707300000000002,0.00019,,,10.1016/j.jct.2006.08.011,phe
4227,8141441845036049617,298.15,101.3,Liquid,2,CCCOC(=O)CC,Solvent,0.7346,,Cc1ccccc1,Solvent,0.2653999999999999,,,,,,,,,,0.8734100000000001,0.00021,,,10.1016/j.jct.2006.08.011,phe
4359,-2940990921721055112,298.15,101.3,Liquid,2,CN(C)C=O,Solvent,0.7413,,Cc1ccccc1,Solvent,0.2587,,,,,,,,,,0.9222000000000002,0.00045,,,10.1021/je040012q,phe
4360,-1885533597174782738,298.15,101.3,Liquid,2,CN(C)C=O,Solvent,0.5508,,Cc1ccccc1,Solvent,0.4492,,,,,,,,,,0.9050000000000002,0.0001,,,10.1021/je0201323,phe
4361,-5880434913129312487,298.15,101.3,Liquid,2,CN(C)C=O,Solvent,0.2451999999999999,,Cc1ccccc1,Solvent,0.7548,,,,,,,,,,0.8809000000000002,0.0001,,,10.1021/je0201323,phe
4434,7752683724990532565,298.15,101.0,Liquid,2,CCCCCO,Solvent,0.2507,,Cc1ccccc1,Solvent,0.7493000000000001,,,,,,1.0212,0.01095,,,,,,,10.1016/j.fluid.2012.01.007,phe
4435,-4431324360251102551,298.15,101.0,Liquid,2,CCCCCO,Solvent,0.5016,,Cc1ccccc1,Solvent,0.4983999999999999,,,,,,0.9595,0.0103,,,,,,,10.1016/j.fluid.2012.01.007,phe
4436,7159740716843140803,298.15,101.0,Liquid,2,CCCCCO,Solvent,0.7507,,Cc1ccccc1,Solvent,0.2492999999999999,,,,,,0.5289,0.00575,,,,,,,10.1016/j.fluid.2012.01.007,phe
4443,4777511868649289897,298.15,101.0,Liquid,2,CCCCN(CCCC)CCCC,Solvent,0.2401,,Cc1ccccc1,Solvent,0.7599,,,,,,,,,,0.8241400000000002,7.500000000000002e-05,,,10.1016/j.jct.2011.10.027,phe
4444,-5720636538778177623,298.15,101.0,Liquid,2,CCCCN(CCCC)CCCC,Solvent,0.4789,,Cc1ccccc1,Solvent,0.5211,,,,,,,,,,0.8012500000000002,8.500000000000002e-05,,,10.1016/j.jct.2011.10.027,phe
4445,-8525609558570954286,298.15,101.0,Liquid,2,CCCCN(CCCC)CCCC,Solvent,0.7238,,Cc1ccccc1,Solvent,0.2762,,,,,,,,,,0.7855600000000001,0.0001,,,10.1016/j.jct.2011.10.027,phe
4497,-1255603214300592172,298.15,101.0,Liquid,2,Cc1ccccc1,Solvent,0.8009999999999999,,c1ccoc1,Solvent,0.199,,,,,,,,,,0.8750000000000002,5.0000000000000016e-05,,,10.1016/j.fluid.2012.08.005,phe
4498,-371510443879036033,298.15,101.0,Liquid,2,Cc1ccccc1,Solvent,0.493,,c1ccoc1,Solvent,0.507,,,,,,,,,,0.8932000000000002,5.0000000000000016e-05,,,10.1016/j.fluid.2012.08.005,phe
4499,-7478515470023277207,298.15,101.0,Liquid,2,Cc1ccccc1,Solvent,0.239,,c1ccoc1,Solvent,0.761,,,,,,,,,,0.9124000000000002,0.0001,,,10.1016/j.fluid.2012.08.005,phe
4500,2379064827357860203,298.15,101.32,Liquid,2,CCI,Solvent,0.7986,,Cc1ccccc1,Solvent,0.2014,,,,,,,,,,1.6558000000000004,0.0005,,,10.1016/j.jct.2005.05.004,phe
4501,3240053287163311884,298.15,101.32,Liquid,2,CCI,Solvent,0.5039,,Cc1ccccc1,Solvent,0.4961,,,,,,,,,,1.3205000000000002,0.0004,,,10.1016/j.jct.2005.05.004,phe
4502,-4142316900965711160,298.15,101.32,Liquid,2,CCI,Solvent,0.2724,,Cc1ccccc1,Solvent,0.7276,,,,,,,,,,1.0946000000000002,0.00035,,,10.1016/j.jct.2005.05.004,phe
4512,-3115891871813456131,298.15,101.32,Liquid,2,CO,Solvent,0.8009999999999999,,Cc1ccccc1,Solvent,0.199,,,,,,,,,,0.8181000000000003,0.0002,,,10.1016/j.jct.2005.05.004,ser
4513,3125955268674230755,298.15,101.32,Liquid,2,CO,Solvent,0.4976,,Cc1ccccc1,Solvent,0.5024,,,,,,,,,,0.8424000000000001,0.0002,,,10.1016/j.jct.2005.05.004,ser
4514,5935302004113866125,298.15,101.32,Liquid,2,CO,Solvent,0.2236,,Cc1ccccc1,Solvent,0.7764,,,,,,,,,,0.8548000000000001,0.0002,,,10.1016/j.jct.2005.05.004,ser
4641,7157236171514132822,293.15,101.0,Liquid,2,Cc1ccccc1,Solvent,0.2562,,O=C1CCCO1,Solvent,0.7438,,,,,,,,,,1.0500600000000002,0.0105,,,10.1016/j.jct.2006.10.005,phe
4642,-8926241359356474942,303.15,101.0,Liquid,2,Cc1ccccc1,Solvent,0.5085,,O=C1CCCO1,Solvent,0.4915,,,,,,,,,,0.9721200000000002,0.009725,,,10.1016/j.jct.2006.10.005,phe
4643,-5830452706822298949,303.15,101.0,Liquid,2,Cc1ccccc1,Solvent,0.7545,,O=C1CCCO1,Solvent,0.2455,,,,,,,,,,0.9123200000000002,0.00913,,,10.1016/j.jct.2006.10.005,phe
4792,-8013763820378027015,298.15,101.0,Liquid,2,Cc1ccccc1,Solvent,0.7481,,ClC(Cl)C(Cl)Cl,Solvent,0.2519,,,,,,-0.709,0.0145,,,,,,,10.1016/j.fluid.2006.10.013,phe
4793,3881562374589181005,298.15,101.0,Liquid,2,Cc1ccccc1,Solvent,0.4975,,ClC(Cl)C(Cl)Cl,Solvent,0.5025,,,,,,-0.955,0.0195,,,,,,,10.1016/j.fluid.2006.10.013,phe
4794,-2945582024495588108,298.15,101.0,Liquid,2,Cc1ccccc1,Solvent,0.1984,,ClC(Cl)C(Cl)Cl,Solvent,0.8016,,,,,,-0.571,0.0115,,,,,,,10.1016/j.fluid.2006.10.013,phe
4936,3435716957321259970,298.15,100.0,Liquid,2,CC(=O)O,Solvent,0.7963,,Cc1ccccc1,Solvent,0.2037,,,,,,,,,,0.9780000000000002,0.002,,,10.1016/j.jct.2017.07.035,asp
4937,-2192684744861590521,298.15,100.0,Liquid,2,CC(=O)O,Solvent,0.5059,,Cc1ccccc1,Solvent,0.4941,,,,,,,,,,0.9190000000000004,0.002,,,10.1016/j.jct.2017.07.035,asp
4938,216509836418985597,298.15,100.0,Liquid,2,CC(=O)O,Solvent,0.2065,,Cc1ccccc1,Solvent,0.7935,,,,,,,,,,0.8810000000000002,0.002,,,10.1016/j.jct.2017.07.035,asp
4942,6888654518826856281,298.15,100.0,Liquid,2,CCCCCCO,Solvent,0.7966,,Cc1ccccc1,Solvent,0.2034,,,,,,,,,,0.8240000000000002,0.002,,,10.1016/j.jct.2017.07.035,phe
4943,8864704406785148702,298.15,100.0,Liquid,2,CCCCCCO,Solvent,0.5032,,Cc1ccccc1,Solvent,0.4968,,,,,,,,,,0.8360000000000002,0.002,,,10.1016/j.jct.2017.07.035,phe
4944,2737120141539248007,298.15,100.0,Liquid,2,CCCCCCO,Solvent,0.2017999999999999,,Cc1ccccc1,Solvent,0.7982,,,,,,,,,,0.8500000000000002,0.002,,,10.1016/j.jct.2017.07.035,phe
5307,-8455727844308645177,298.15,101.0,Liquid,2,CC#N,Solvent,0.7579,,Cc1ccccc1,Solvent,0.2421,,,,,,,,,,0.8126000000000002,0.00015,,,10.1016/j.tca.2009.10.001,phe
5308,-2459137660223342141,298.15,101.0,Liquid,2,CC#N,Solvent,0.5001,,Cc1ccccc1,Solvent,0.4999,,,,,,,,,,0.8359900000000002,7.500000000000002e-05,,,10.1016/j.fluid.2015.01.002,phe
5309,-4947975343084181480,298.15,101.0,Liquid,2,CC#N,Solvent,0.1998999999999999,,Cc1ccccc1,Solvent,0.8001,,,,,,,,,,0.8547400000000002,7.000000000000002e-05,,,10.1016/j.fluid.2015.01.002,phe
5310,1572806896232264337,298.15,101.0,Liquid,2,CCC#N,Solvent,0.7836,,Cc1ccccc1,Solvent,0.2164,,,,,,,,,,0.8026000000000002,0.00015,,,10.1016/j.tca.2009.10.001,phe
5311,4617194853526405184,298.15,101.0,Liquid,2,CCC#N,Solvent,0.5083,,Cc1ccccc1,Solvent,0.4917,,,,,,,,,,0.8294000000000001,0.00015,,,10.1016/j.tca.2009.10.001,phe
5312,5296446333275813978,298.15,101.0,Liquid,2,CCC#N,Solvent,0.2825999999999999,,Cc1ccccc1,Solvent,0.7174,,,,,,,,,,0.8457000000000002,0.00015,,,10.1016/j.tca.2009.10.001,phe
5313,5226187764900863015,298.15,101.0,Liquid,2,CCCC#N,Solvent,0.7463,,Cc1ccccc1,Solvent,0.2537,,,,,,,,,,0.8086000000000002,0.00015,,,10.1016/j.tca.2009.10.001,phe
5314,-1106888434877494818,298.15,101.0,Liquid,2,CCCC#N,Solvent,0.4565,,Cc1ccccc1,Solvent,0.5435,,,,,,,,,,0.8322000000000003,0.00015,,,10.1016/j.tca.2009.10.001,phe
5315,-1070123784981811027,298.15,101.0,Liquid,2,CCCC#N,Solvent,0.241,,Cc1ccccc1,Solvent,0.759,,,,,,,,,,0.8469000000000002,0.00015,,,10.1016/j.tca.2009.10.001,phe
5539,-290351196452884533,308.15,101.3,Liquid,2,CCCCOC(C)=O,Solvent,0.2873,,Cc1ccccc1,Solvent,0.7127,,,,,,-0.05,0.0012,,,,,,,10.1016/j.fluid.2005.06.011,phe
5540,-2473601931103525442,308.15,101.3,Liquid,2,CCCCOC(C)=O,Solvent,0.502,,Cc1ccccc1,Solvent,0.498,,,,,,-0.0618,0.0013,,,,,,,10.1016/j.fluid.2005.06.011,phe
5541,-7148437215333819967,308.15,101.3,Liquid,2,CCCCOC(C)=O,Solvent,0.7435,,Cc1ccccc1,Solvent,0.2564999999999999,,,,,,-0.052,0.0012,,,,,,,10.1016/j.fluid.2005.06.011,phe
5566,-7859246086344816407,298.15,101.0,Liquid,2,COc1ccccc1,Solvent,0.5157,,Cc1ccccc1,Solvent,0.4842999999999999,,,,,,,,,,0.9294300000000002,0.00032,,,10.1016/j.jct.2006.02.001,phe
5567,-3918934650945680948,298.15,101.0,Liquid,2,COc1ccccc1,Solvent,0.2132,,Cc1ccccc1,Solvent,0.7867999999999999,,,,,,,,,,0.8899880000000002,0.000157,,,10.1021/je060170c,phe
5568,-738024819213859749,298.15,101.0,Liquid,2,COc1ccccc1,Solvent,0.7382,,Cc1ccccc1,Solvent,0.2618,,,,,,,,,,0.9567770000000004,0.0001265,,,10.1021/je060170c,phe
5658,8990241334882923434,298.15,101.0,Liquid,2,COCCO,Solvent,0.5001,,Cc1ccccc1,Solvent,0.4999,,,,,,,,,,0.9026500000000002,7.500000000000002e-05,,,10.1016/j.fluid.2015.01.002,phe
5659,-3080431465318847392,298.15,101.0,Liquid,2,COCCO,Solvent,0.2421,,Cc1ccccc1,Solvent,0.7579,,,,,,,,,,0.8795400000000002,0.00083,,,10.1021/je034005y,phe
5660,-4270738634574772398,298.15,101.0,Liquid,2,COCCO,Solvent,0.7487,,Cc1ccccc1,Solvent,0.2512999999999999,,,,,,,,,,0.9289700000000004,0.000625,,,10.1021/je034005y,phe
5714,-8567593556841741254,293.15,100.0,Liquid,2,Cc1ccccc1,Solvent,0.75,,O=Cc1ccco1,Solvent,0.25,,,,,,,,,,0.9282900000000002,0.000475,,,10.1016/j.tca.2015.04.032,phe
5715,-7676985626741736066,293.15,100.0,Liquid,2,Cc1ccccc1,Solvent,0.5,,O=Cc1ccco1,Solvent,0.5,,,,,,,,,,0.9967700000000004,0.00048,,,10.1016/j.tca.2015.04.032,phe
5716,-4750964815157479675,293.15,100.0,Liquid,2,Cc1ccccc1,Solvent,0.25,,O=Cc1ccco1,Solvent,0.75,,,,,,,,,,1.0734000000000004,0.000485,,,10.1016/j.tca.2015.04.032,phe
5717,-8537196252053847834,293.15,100.0,Liquid,2,Cc1ccccc1,Solvent,0.75,,OCc1ccco1,Solvent,0.25,,,,,,,,,,0.9237500000000002,0.000475,,,10.1016/j.tca.2015.04.032,phe
5718,1208926110410198475,293.15,100.0,Liquid,2,Cc1ccccc1,Solvent,0.4499999999999999,,OCc1ccco1,Solvent,0.55,,,,,,,,,,1.0012200000000002,0.000475,,,10.1016/j.tca.2015.04.032,phe
5719,2883698136054697023,293.15,100.0,Liquid,2,Cc1ccccc1,Solvent,0.2498,,OCc1ccco1,Solvent,0.7502,,,,,,,,,,1.0570400000000002,0.000485,,,10.1016/j.tca.2015.04.032,phe
6170,-7553261548537144124,298.15,101.0,Liquid,2,CCOC(=O)OCC,Solvent,0.3006,,Cc1ccccc1,Solvent,0.6994,,,,,,,,,,0.8976700000000002,0.000855,,,10.1021/je050414d,phe
6171,958712628053860027,298.15,101.0,Liquid,2,CCOC(=O)OCC,Solvent,0.5212,,Cc1ccccc1,Solvent,0.4788,,,,,,,,,,0.9217200000000002,0.000745,,,10.1021/je050414d,phe
6172,-217416495669566908,298.15,101.0,Liquid,2,CCOC(=O)OCC,Solvent,0.7016,,Cc1ccccc1,Solvent,0.2984,,,,,,,,,,0.9402800000000002,0.00066,,,10.1021/je050414d,phe
7113,-7884115352214974397,303.15,101.0,Liquid,2,C1COCCO1,Solvent,0.237,,Cc1ccccc1,Solvent,0.763,,,,,,,,,,0.8680000000000002,0.0015,,,10.1021/je0600303,phe
7114,-5191325458611052646,303.15,101.0,Liquid,2,C1COCCO1,Solvent,0.453,,Cc1ccccc1,Solvent,0.5469999999999999,,,,,,,,,,0.8880000000000002,0.0015,,,10.1021/je0600303,phe
7115,-3238024886854369481,303.15,101.0,Liquid,2,C1COCCO1,Solvent,0.744,,Cc1ccccc1,Solvent,0.256,,,,,,,,,,0.9370000000000004,0.001,,,10.1021/je0600303,phe
7116,9207037081391713807,303.15,101.0,Liquid,2,Brc1ccccc1,Solvent,0.202,,Cc1ccccc1,Solvent,0.798,,,,,,,,,,0.9870000000000002,0.001,,,10.1021/je0600303,phe
7117,1320124837945830886,303.15,101.0,Liquid,2,Brc1ccccc1,Solvent,0.503,,Cc1ccccc1,Solvent,0.497,,,,,,,,,,1.1760000000000004,0.002,,,10.1021/je0600303,phe
7118,6551157112664455248,303.15,101.0,Liquid,2,Brc1ccccc1,Solvent,0.703,,Cc1ccccc1,Solvent,0.297,,,,,,,,,,1.3010000000000004,0.003,,,10.1021/je0600303,phe
7176,6290691424970663635,298.15,101.0,Liquid,2,Cc1ccccc1,Solvent,0.7606999999999999,,Cc1ccccc1Cl,Solvent,0.2393,,,,,,,,,,0.9177000000000004,0.000505,,,10.1021/je5004719,phe
7177,2837771645522938405,298.15,101.0,Liquid,2,Cc1ccccc1,Solvent,0.5127999999999999,,Cc1ccccc1Cl,Solvent,0.4872,,,,,,,,,,0.9724100000000002,0.000505,,,10.1021/je5004719,phe
7178,1059510144354503531,298.15,101.0,Liquid,2,Cc1ccccc1,Solvent,0.2769,,Cc1ccccc1Cl,Solvent,0.7231,,,,,,,,,,1.0220000000000002,0.0005,,,10.1021/je5004719,phe
7484,8847258160790490996,298.15,101.0,Liquid,2,COC(=O)CCCCl,Solvent,0.2,,Cc1ccccc1,Solvent,0.8,,,,,,,,,,0.9194700000000002,8.500000000000002e-05,,,10.1021/je900194v,phe
7485,-8992217910658224487,298.15,101.0,Liquid,2,COC(=O)CCCCl,Solvent,0.5,,Cc1ccccc1,Solvent,0.5,,,,,,,,,,0.9988100000000002,9.000000000000002e-05,,,10.1021/je900194v,phe
7486,-7927539588575367988,298.15,101.0,Liquid,2,COC(=O)CCCCl,Solvent,0.7,,Cc1ccccc1,Solvent,0.3,,,,,,,,,,1.04784,7.000000000000002e-05,,,10.1021/je900194v,phe
7547,7139621545302620770,298.15,101.0,Liquid,2,CCOCCO,Solvent,0.2493,,Cc1ccccc1,Solvent,0.7507,,,,,,,,,,0.8752300000000002,0.00166,,,10.1021/je034005y,phe
7548,-7221725068240101062,298.15,101.0,Liquid,2,CCOCCO,Solvent,0.5019,,Cc1ccccc1,Solvent,0.4981,,,,,,,,,,0.8917400000000002,0.001525,,,10.1021/je034005y,phe
7549,7162101513814355697,298.15,101.0,Liquid,2,CCOCCO,Solvent,0.7465,,Cc1ccccc1,Solvent,0.2534999999999999,,,,,,,,,,0.9081900000000004,0.00139,,,10.1021/je034005y,phe
7562,-7288718379087216205,298.15,101.0,Liquid,2,CCCCOCCO,Solvent,0.2513,,Cc1ccccc1,Solvent,0.7486999999999999,,,,,,,,,,0.8712100000000003,0.00086,,,10.1021/je034005y,phe
7563,4467609055663461941,298.15,101.0,Liquid,2,CCCCOCCO,Solvent,0.5015,,Cc1ccccc1,Solvent,0.4985,,,,,,,,,,0.8811900000000003,0.000815,,,10.1021/je034005y,phe
7564,-3276333588668503267,298.15,101.0,Liquid,2,CCCCOCCO,Solvent,0.7494,,Cc1ccccc1,Solvent,0.2506,,,,,,,,,,0.8894800000000003,0.00078,,,10.1021/je034005y,phe
8144,-8802853133473354640,303.15,101.0,Liquid,2,CCCCCCCO,Solvent,0.7511,,Cc1ccccc1,Solvent,0.2489,,,,,,,,,,0.8228400000000002,0.00015,,,10.1021/je0602519,phe
8145,2746301194615967088,303.15,101.0,Liquid,2,CCCCCCCO,Solvent,0.4997,,Cc1ccccc1,Solvent,0.5003,,,,,,,,,,0.8318300000000003,0.00015,,,10.1021/je0602519,phe
8146,-51086865578282200,303.15,101.0,Liquid,2,CCCCCCCO,Solvent,0.248,,Cc1ccccc1,Solvent,0.752,,,,,,,,,,0.8426900000000003,0.00015,,,10.1021/je0602519,phe
8147,2352050039313360464,303.15,101.0,Liquid,2,CCCCCCCCO,Solvent,0.7483,,Cc1ccccc1,Solvent,0.2517,,,,,,,,,,0.8249800000000003,0.00015,,,10.1021/je0602519,phe
8148,8410741570935896111,303.15,101.0,Liquid,2,CCCCCCCCO,Solvent,0.4999,,Cc1ccccc1,Solvent,0.5001,,,,,,,,,,0.8326300000000002,0.00015,,,10.1021/je0602519,phe
8149,-3528310882456180614,303.15,101.0,Liquid,2,CCCCCCCCO,Solvent,0.2430999999999999,,Cc1ccccc1,Solvent,0.7569,,,,,,,,,,0.8429000000000002,0.00015,,,10.1021/je0602519,phe
8220,2893635793126600621,298.15,101.0,Liquid,2,Cc1ccccc1,Solvent,0.2987,,O=CN1CCOCC1,Solvent,0.7013,,,,,,,,,,1.06462,0.00047,,,10.1021/je060475r,phe
8221,-1691305155380497555,298.15,101.0,Liquid,2,Cc1ccccc1,Solvent,0.4996,,O=CN1CCOCC1,Solvent,0.5004,,,,,,,,,,1.0078700000000005,0.000285,,,10.1021/je060475r,phe
8222,2511750992665205949,298.15,101.0,Liquid,2,Cc1ccccc1,Solvent,0.701,,O=CN1CCOCC1,Solvent,0.299,,,,,,,,,,0.9499400000000002,0.000415,,,10.1021/je060475r,phe
8286,-8657052227096873776,298.15,101.3,Liquid,2,Cc1ccccc1,Solvent,0.7416,,Clc1ccccc1,Solvent,0.2584,,,,,,-0.0944,0.002,,,,,,,10.1021/je7002447,phe
8287,8381049027635767140,298.15,101.3,Liquid,2,Cc1ccccc1,Solvent,0.1929999999999999,,Clc1ccccc1,Solvent,0.807,,,,,,-0.0675,0.00145,,,,,,,10.1021/je7002447,phe
8288,-8004439014012469824,298.15,101.3,Liquid,2,Cc1ccccc1,Solvent,0.5,,Clc1ccccc1,Solvent,0.5,,,,,,-0.119,0.0015,,,,,,,10.1021/je020186c,phe
8301,3395253671939453842,298.15,101.3,Liquid,2,Cc1ccccc1,Solvent,0.7425999999999999,,ClCc1ccccc1,Solvent,0.2574,,,,,,0.0471,0.0011,,,,,,,10.1021/je7002447,phe
8302,-6400757837102287564,298.15,101.3,Liquid,2,Cc1ccccc1,Solvent,0.5197,,ClCc1ccccc1,Solvent,0.4803,,,,,,0.06,0.00135,,,,,,,10.1021/je7002447,phe
8303,-1156455699668040796,298.15,101.3,Liquid,2,Cc1ccccc1,Solvent,0.265,,ClCc1ccccc1,Solvent,0.735,,,,,,0.0454,0.00105,,,,,,,10.1021/je7002447,phe
8316,-7166378957306348753,298.15,101.3,Liquid,2,Cc1ccccc1,Solvent,0.7668,,ClCCc1ccccc1,Solvent,0.2332,,,,,,0.0021,0.0004,,,,,,,10.1021/je7002447,phe
8317,-6175405535775885509,298.15,101.3,Liquid,2,Cc1ccccc1,Solvent,0.4805,,ClCCc1ccccc1,Solvent,0.5195,,,,,,0.007,0.0004,,,,,,,10.1021/je7002447,phe
8318,-1801479688471423076,298.15,101.3,Liquid,2,Cc1ccccc1,Solvent,0.2357,,ClCCc1ccccc1,Solvent,0.7643,,,,,,0.0073,0.0004,,,,,,,10.1021/je7002447,phe
8331,-2042335333919474400,298.15,101.3,Liquid,2,Cc1ccccc1,Solvent,0.7352000000000001,,ClCCCc1ccccc1,Solvent,0.2648,,,,,,-0.0969,0.00205,,,,,,,10.1021/je7002447,phe
8332,6961439159438771759,298.15,101.3,Liquid,2,Cc1ccccc1,Solvent,0.5101,,ClCCCc1ccccc1,Solvent,0.4899,,,,,,-0.1083,0.0023,,,,,,,10.1021/je7002447,phe
8333,6949512176474223328,298.15,101.3,Liquid,2,Cc1ccccc1,Solvent,0.2577,,ClCCCc1ccccc1,Solvent,0.7423,,,,,,-0.0752,0.00165,,,,,,,10.1021/je7002447,phe
8575,5167501110833061881,298.15,100.0,Liquid,2,CC(C)(C)O,Solvent,0.7436,,Cc1ccccc1,Solvent,0.2564,,,,,,,,,,0.7997800000000002,0.000805,,,10.1021/acs.jced.6b00096,phe
8576,-5489748556653711242,298.15,100.0,Liquid,2,CC(C)(C)O,Solvent,0.4532,,Cc1ccccc1,Solvent,0.5468,,,,,,,,,,0.8233400000000002,0.000825,,,10.1021/acs.jced.6b00096,phe
8577,-4395650018148190538,298.15,100.0,Liquid,2,CC(C)(C)O,Solvent,0.2379,,Cc1ccccc1,Solvent,0.7621,,,,,,,,,,0.8412600000000002,0.000845,,,10.1021/acs.jced.6b00096,phe
8645,1865073635561541421,298.15,101.3,Liquid,2,Cc1ccccc1,Solvent,0.7709,,ClC=C(Cl)Cl,Solvent,0.2291,,,,,,,,,,0.9756000000000002,0.0003,,,10.1021/je034203p,phe
8646,7724082876825313319,298.15,101.3,Liquid,2,Cc1ccccc1,Solvent,0.4574,,ClC=C(Cl)Cl,Solvent,0.5426,,,,,,,,,,1.1490000000000002,0.0004,,,10.1021/je034203p,phe
8647,-1427044452386389976,298.15,101.3,Liquid,2,Cc1ccccc1,Solvent,0.2652,,ClC=C(Cl)Cl,Solvent,0.7348,,,,,,,,,,1.2708000000000002,0.0005,,,10.1021/je034203p,phe
8681,7374818195455999445,298.15,101.3,Liquid,2,Cc1ccccc1,Solvent,0.7938000000000001,,ClC(Cl)=C(Cl)Cl,Solvent,0.2062,,,,,,,,,,1.0047000000000004,0.0003,,,10.1021/je034203p,phe
8682,-1111152232477120772,298.15,101.3,Liquid,2,Cc1ccccc1,Solvent,0.4905,,ClC(Cl)=C(Cl)Cl,Solvent,0.5095,,,,,,,,,,1.2253000000000005,0.00045,,,10.1021/je034203p,phe
8683,-7351924872231579975,298.15,101.3,Liquid,2,Cc1ccccc1,Solvent,0.2916999999999999,,ClC(Cl)=C(Cl)Cl,Solvent,0.7083,,,,,,,,,,1.3768000000000002,0.0006,,,10.1021/je034203p,phe
8771,-4501328980374533816,303.15,101.3,Liquid,2,Cc1ccccc1,Solvent,0.2458,,O=S1(=O)CCCC1,Solvent,0.7542,,,,,,,,,,1.1617200000000003,0.00029,,,10.1021/je0341920,phe
8772,6174008856111350030,303.15,101.3,Liquid,2,Cc1ccccc1,Solvent,0.4651,,O=S1(=O)CCCC1,Solvent,0.5348999999999999,,,,,,,,,,1.07279,0.00024,,,10.1021/je0341920,phe
8773,-1016053687338010604,303.15,101.3,Liquid,2,Cc1ccccc1,Solvent,0.7527,,O=S1(=O)CCCC1,Solvent,0.2472999999999999,,,,,,,,,,0.9573600000000002,0.000195,,,10.1021/je0341920,phe
8853,2134398373479415234,298.15,101.0,Liquid,2,C=COCCC,Solvent,0.1995,,Cc1ccccc1,Solvent,0.8005,,,,,,,,,,0.8430500000000002,0.00011,,,10.1021/je800972b,phe
8854,-8547695023925274640,298.15,101.0,Liquid,2,C=COCCC,Solvent,0.5002,,Cc1ccccc1,Solvent,0.4998,,,,,,,,,,0.8137300000000002,0.00011,,,10.1021/je800972b,phe
8855,-705366885297747828,298.15,101.0,Liquid,2,C=COCCC,Solvent,0.6998,,Cc1ccccc1,Solvent,0.3002,,,,,,,,,,0.7936500000000002,0.00011,,,10.1021/je800972b,phe
9002,-6354735990962715437,313.15,101.0,Liquid,2,Cc1ccccc1,Solvent,0.2581,,Oc1ccccc1,Solvent,0.7419,,,,,,,,,,0.9984600000000002,8.500000000000002e-05,,,10.1021/je100888h,phe
9003,3506393868208385704,313.15,101.0,Liquid,2,Cc1ccccc1,Solvent,0.5438,,Oc1ccccc1,Solvent,0.4562,,,,,,,,,,0.9364600000000004,0.000125,,,10.1021/je100888h,phe
9004,4596864386068546675,313.15,101.0,Liquid,2,Cc1ccccc1,Solvent,0.7288,,Oc1ccccc1,Solvent,0.2712,,,,,,,,,,0.8989900000000002,0.000145,,,10.1021/je100888h,phe
9007,8511046793865553448,303.15,101.0,Liquid,2,Cc1ccccc1,Solvent,0.2749,,Cc1ccccc1O,Solvent,0.7251000000000001,,,,,,,,,,0.9878900000000004,0.000135,,,10.1021/je100888h,phe
9008,5177609807288459153,303.15,101.0,Liquid,2,Cc1ccccc1,Solvent,0.5187,,Cc1ccccc1O,Solvent,0.4812999999999999,,,,,,,,,,0.9438800000000004,0.000145,,,10.1021/je100888h,phe
9009,-5372047241972373823,303.15,101.0,Liquid,2,Cc1ccccc1,Solvent,0.7547,,Cc1ccccc1O,Solvent,0.2452999999999999,,,,,,,,,,0.9012600000000002,0.000155,,,10.1021/je100888h,phe
9012,8342189438349242423,303.15,101.0,Liquid,2,Cc1cccc(O)c1,Solvent,0.7479,,Cc1ccccc1,Solvent,0.2521,,,,,,,,,,0.9846000000000004,8.500000000000002e-05,,,10.1021/je100888h,phe
9013,3138072927773946391,303.15,101.0,Liquid,2,Cc1cccc(O)c1,Solvent,0.4795,,Cc1ccccc1,Solvent,0.5205,,,,,,,,,,0.9394900000000004,0.00012,,,10.1021/je100888h,phe
9014,8240439658612823894,303.15,101.0,Liquid,2,Cc1cccc(O)c1,Solvent,0.2802,,Cc1ccccc1,Solvent,0.7198,,,,,,,,,,0.9054200000000002,0.00014,,,10.1021/je100888h,phe
9017,603326511079589125,303.15,101.0,Liquid,2,Cc1ccc(O)cc1,Solvent,0.7187,,Cc1ccccc1,Solvent,0.2813,,,,,,,,,,0.9799100000000002,9.000000000000002e-05,,,10.1021/je100888h,tyr
9018,-2145630062574247211,303.15,101.0,Liquid,2,Cc1ccc(O)cc1,Solvent,0.5085999999999999,,Cc1ccccc1,Solvent,0.4914,,,,,,,,,,0.9443200000000004,0.000115,,,10.1021/je100888h,tyr
9019,3466414748173555819,303.15,101.0,Liquid,2,Cc1ccc(O)cc1,Solvent,0.2249999999999999,,Cc1ccccc1,Solvent,0.775,,,,,,,,,,0.8973700000000002,0.000145,,,10.1021/je100888h,tyr
9146,-1197249409050860547,313.15,101.0,Liquid,2,C1CCCC1,Solvent,0.2717,,Cc1ccccc1,Solvent,0.7283,,,,,,,,,,0.8173000000000001,0.00015,,,10.1021/je8009336,phe
9147,-3385650095402768861,313.15,101.0,Liquid,2,C1CCCC1,Solvent,0.4944,,Cc1ccccc1,Solvent,0.5056,,,,,,,,,,0.7904000000000002,0.00015,,,10.1021/je8009336,phe
9148,-3197997654021407702,313.15,101.0,Liquid,2,C1CCCC1,Solvent,0.7951,,Cc1ccccc1,Solvent,0.2048999999999999,,,,,,,,,,0.7522000000000002,0.00015,,,10.1021/je8009336,phe
29,-2879114042359507353,298.15,101.325,Liquid,1,CO,Solvent,1.0,,,,,,,,,,,,,,0.7859000000000002,0.02,,,10.1016/j.fluid.2013.11.008,ser
776,-7047009740063675335,298.15,101.325,Liquid,2,CO,Solvent,0.2007,,Clc1ccccc1,Solvent,0.7993,,,,,,,,,,1.0733340000000002,8.850000000000001e-05,,,10.1016/j.fluid.2005.10.022,ser
777,-2412596064177763665,298.15,101.325,Liquid,2,CO,Solvent,0.5007,,Clc1ccccc1,Solvent,0.4992999999999999,,,,,,,,,,1.0137650000000002,9.050000000000002e-05,,,10.1016/j.fluid.2005.10.022,ser
778,-8025534667015932995,298.15,101.325,Liquid,2,CO,Solvent,0.7474,,Clc1ccccc1,Solvent,0.2526,,,,,,,,,,0.9340630000000002,0.000103,,,10.1016/j.fluid.2005.10.022,ser
779,-7363072007006481155,303.0,101.0,Liquid,2,Brc1ccccc1,Solvent,0.6472,,CO,Solvent,0.3528,,,,,,,,,,1.3670000000000002,0.0052,,,10.1007/s10765-008-0444-7,ser
780,-2958195658506591102,303.0,101.0,Liquid,2,Brc1ccccc1,Solvent,0.4496,,CO,Solvent,0.5504,,,,,,,,,,1.2670000000000003,0.0045,,,10.1007/s10765-008-0444-7,ser
781,1224418006482646836,303.0,101.0,Liquid,2,Brc1ccccc1,Solvent,0.2342999999999999,,CO,Solvent,0.7657,,,,,,,,,,1.1020000000000003,0.0034,,,10.1007/s10765-008-0444-7,ser
875,-7765974629224050836,298.15,101.0,Liquid,2,CO,Solvent,0.2901,,COP(C)(=O)OC,Solvent,0.7099,,,,,,,,,,1.1041,0.0006,,,10.1007/s10765-011-0989-8,ser
876,-2939097169690478078,298.15,101.0,Liquid,2,CO,Solvent,0.507,,COP(C)(=O)OC,Solvent,0.493,,,,,,,,,,1.0476,0.0006,,,10.1007/s10765-011-0989-8,ser
877,7152560776802805681,298.15,101.0,Liquid,2,CO,Solvent,0.7997,,COP(C)(=O)OC,Solvent,0.2003,,,,,,,,,,0.9270000000000004,0.0006,,,10.1007/s10765-011-0989-8,ser
878,2718966261272531102,298.15,101.0,Liquid,2,CO,Solvent,0.2263,,CO[PH](=O)OC,Solvent,0.7737,,,,,,,,,,1.1472000000000002,0.00085,,,10.1007/s10765-011-0989-8,ser
879,5790195423180630035,298.15,101.0,Liquid,2,CO,Solvent,0.5379,,CO[PH](=O)OC,Solvent,0.4620999999999999,,,,,,,,,,1.0650000000000002,0.00075,,,10.1007/s10765-011-0989-8,ser
880,-5032486799198900243,298.15,101.0,Liquid,2,CO,Solvent,0.7262,,CO[PH](=O)OC,Solvent,0.2738,,,,,,,,,,0.9868000000000002,0.0007,,,10.1007/s10765-011-0989-8,ser
906,3477607510569764842,298.15,101.0,Liquid,2,CO,Solvent,0.7042999999999999,,Cc1cc(C)nc(C)c1,Solvent,0.2957,,,,,,,,,,0.8753300000000003,7.500000000000002e-05,,,10.1007/s10765-011-1149-x,ser
907,-3572897515715804281,298.15,101.0,Liquid,2,CO,Solvent,0.511,,Cc1cc(C)nc(C)c1,Solvent,0.489,,,,,,,,,,0.8965700000000003,8.000000000000002e-05,,,10.1007/s10765-011-1149-x,ser
908,-3963046258702506824,298.15,101.0,Liquid,2,CO,Solvent,0.2028999999999999,,Cc1cc(C)nc(C)c1,Solvent,0.7971,,,,,,,,,,0.9081000000000002,9.500000000000002e-05,,,10.1007/s10765-011-1149-x,ser
1003,7186883100096373678,298.2,101.3,Liquid,2,CCOC(=O)C(=O)OCC,Solvent,0.2505,,CO,Solvent,0.7495,,,,,,0.866,0.004,,,,,,,10.1016/j.jct.2013.05.024,ser
1004,8189866972551309442,298.2,101.3,Liquid,2,CCOC(=O)C(=O)OCC,Solvent,0.4973,,CO,Solvent,0.5026999999999999,,,,,,1.217,0.0055,,,,,,,10.1016/j.jct.2013.05.024,ser
1005,-1596253906354782426,298.2,101.3,Liquid,2,CCOC(=O)C(=O)OCC,Solvent,0.7468,,CO,Solvent,0.2532,,,,,,1.083,0.0045,,,,,,,10.1016/j.jct.2013.05.024,ser
1219,-8438452704669158285,298.15,101.0,Liquid,2,CO,Solvent,0.74714,,c1coc(Cc2ccco2)c1,Solvent,0.25286,,,,,,,,,,0.9532800000000002,0.000185,,,10.1016/j.jct.2010.05.016,ser
1220,287391927332643939,298.15,101.0,Liquid,2,CO,Solvent,0.45879,,c1coc(Cc2ccco2)c1,Solvent,0.54121,,,,,,,,,,1.0329200000000005,0.000275,,,10.1016/j.jct.2010.05.016,ser
1221,-2931184992018714450,298.15,101.0,Liquid,2,CO,Solvent,0.2025,,c1coc(Cc2ccco2)c1,Solvent,0.7975,,,,,,,,,,1.0711600000000003,0.000405,,,10.1016/j.jct.2010.05.016,ser
1342,-5683031294134383441,298.15,101.0,Liquid,2,CO,Solvent,0.7431,,COP(=O)(OC)OC,Solvent,0.2569,,,,,,0.22598,0.001615,,,,,,,10.1016/j.tca.2008.02.015,ser
1343,-7064743601608648907,298.15,101.0,Liquid,2,CO,Solvent,0.49,,COP(=O)(OC)OC,Solvent,0.51,,,,,,0.14741,0.001145,,,,,,,10.1016/j.tca.2008.02.015,ser
1344,4416596275464766166,298.15,101.0,Liquid,2,CO,Solvent,0.2169999999999999,,COP(=O)(OC)OC,Solvent,0.783,,,,,,0.04269,0.000555,,,,,,,10.1016/j.tca.2008.02.015,ser
1411,-7256453673344062316,300.0,101.0,Liquid,2,CO,Solvent,0.7766,,OC1CCCCC1,Solvent,0.2234,,,,,,0.196,0.0022,,,,,,,10.1016/j.jct.2012.02.037,ser
1412,-2932051413252874906,300.0,101.0,Liquid,2,CO,Solvent,0.5129,,OC1CCCCC1,Solvent,0.4871,,,,,,0.2149,0.0024,,,,,,,10.1016/j.jct.2012.02.037,ser
1413,-1294185579114451871,300.0,101.0,Liquid,2,CO,Solvent,0.2734,,OC1CCCCC1,Solvent,0.7266,,,,,,0.1332,0.00155,,,,,,,10.1016/j.jct.2012.02.037,ser
1489,3782573259416343542,298.15,101.0,Liquid,2,CCCN(CCC)CCC,Solvent,0.0525056151606607,,CO,Solvent,0.9474943848393392,,,,,,,,,,0.7840170000000002,9.450000000000002e-05,,,10.1016/j.jct.2012.07.012,ser
1514,759570258034177004,298.15,100.0,Liquid,2,CCOC(=O)CC(C)=O,Solvent,0.2994,,CO,Solvent,0.7006,,,,,,1.0708,0.01155,,,,,,,10.1016/j.fluid.2008.03.012,ser
1515,8285381913664733023,298.15,100.0,Liquid,2,CCOC(=O)CC(C)=O,Solvent,0.4998,,CO,Solvent,0.5002,,,,,,1.2452,0.01335,,,,,,,10.1016/j.fluid.2008.03.012,ser
1516,-4098209188801846227,298.15,100.0,Liquid,2,CCOC(=O)CC(C)=O,Solvent,0.7994,,CO,Solvent,0.2006,,,,,,0.8324,0.0091,,,,,,,10.1016/j.fluid.2008.03.012,ser
1529,-3881783011938517156,298.15,101.325,Liquid,2,CO,Solvent,0.2607,,c1ccccc1,Solvent,0.7393000000000001,,,,,,,,,,0.8613290000000001,0.000116,,,10.1016/j.fluid.2005.10.022,ser
1530,-5942187784953688315,298.15,101.325,Liquid,2,CO,Solvent,0.499,,c1ccccc1,Solvent,0.501,,,,,,,,,,0.8465010000000002,0.000125,,,10.1016/j.fluid.2005.10.022,ser
1531,6084506478959307201,298.15,101.325,Liquid,2,CO,Solvent,0.8,,c1ccccc1,Solvent,0.1999999999999999,,,,,,,,,,0.8177090000000001,0.0001395,,,10.1016/j.fluid.2005.10.022,ser
1532,-3038325087369826952,292.65,100.0,Liquid,2,CCc1ccccc1,Solvent,0.4751850525714095,,CO,Solvent,0.5248149474285906,,,,,,,,,,0.8480000000000002,0.005,,,10.1016/j.jct.2005.03.006,ser
1533,-8650880728986330317,292.4,100.0,Liquid,2,CCc1ccccc1,Solvent,0.0914077643280952,,CO,Solvent,0.9085922356719048,,,,,,,,,,0.8133000000000001,0.005,,,10.1016/j.jct.2005.03.006,ser
1603,7439696519067090697,298.15,101.0,Liquid,2,CN(C)CCO,Solvent,0.2962,,CO,Solvent,0.7038,,,,,,,,,,0.8506500000000001,0.00014,,,10.1016/j.tca.2014.03.038,ser
1604,3517075142201852581,298.15,101.0,Liquid,2,CN(C)CCO,Solvent,0.502,,CO,Solvent,0.498,,,,,,,,,,0.8684000000000002,0.000155,,,10.1016/j.tca.2014.03.038,ser
1605,-2543395395884617191,298.15,101.0,Liquid,2,CN(C)CCO,Solvent,0.7075,,CO,Solvent,0.2925,,,,,,,,,,0.8766100000000002,0.00017,,,10.1016/j.tca.2014.03.038,ser
1606,-3720386424598268866,298.2,100.0,Liquid,2,CN(C)CCO,Solvent,0.2479,,CO,Solvent,0.7521,,,,,,-0.8057,0.0087,,,,,,,10.1021/je800334m,ser
1607,-3596049047138532806,298.2,100.0,Liquid,2,CN(C)CCO,Solvent,0.4972,,CO,Solvent,0.5028,,,,,,-0.8673,0.00935,,,,,,,10.1021/je800334m,ser
1608,8905170005113855836,298.2,100.0,Liquid,2,CN(C)CCO,Solvent,0.7506,,CO,Solvent,0.2493999999999999,,,,,,-0.5322,0.00585,,,,,,,10.1021/je800334m,ser
1720,5903450195609938464,293.15,100.0,Liquid,2,CO,Solvent,0.2502,,OCCCO,Solvent,0.7498,,,,,,,,,,1.0168700000000002,0.00052,,,10.1016/j.tca.2016.09.005,ser
1721,6068124616508634074,293.15,100.0,Liquid,2,CO,Solvent,0.5,,OCCCO,Solvent,0.5,,,,,,,,,,0.9682900000000002,0.000475,,,10.1016/j.tca.2016.09.005,ser
1722,77799900928643199,293.15,100.0,Liquid,2,CO,Solvent,0.7499,,OCCCO,Solvent,0.2501,,,,,,,,,,0.8983300000000003,0.000465,,,10.1016/j.tca.2016.09.005,ser
1846,8715310595050226729,298.15,101.0,Liquid,2,CC(C)=O,Solvent,0.7957,,CO,Solvent,0.2043,,,,,,,,,,0.7874900000000002,6.0000000000000015e-05,,,10.1016/j.fluid.2018.10.024,ser
1847,5461680675011288854,298.15,101.0,Liquid,2,CC(C)=O,Solvent,0.4996,,CO,Solvent,0.5004,,,,,,,,,,0.7903000000000001,6.0000000000000015e-05,,,10.1016/j.fluid.2018.10.024,ser
1848,7527132023080534574,298.15,101.0,Liquid,2,CC(C)=O,Solvent,0.1979999999999999,,CO,Solvent,0.802,,,,,,,,,,0.7907300000000002,6.0000000000000015e-05,,,10.1016/j.fluid.2018.10.024,ser
1849,-3077999339277894961,298.15,101.0,Liquid,2,CO,Solvent,0.249,,ClC(Cl)Cl,Solvent,0.751,,,,,,,,,,1.3813100000000005,0.00051,,,10.1016/j.jct.2006.03.010,ser
1850,-7290516029676631525,298.15,101.0,Liquid,2,CO,Solvent,0.4983,,ClC(Cl)Cl,Solvent,0.5017,,,,,,,,,,1.2512800000000002,0.0001485,,,10.1021/je060441j,ser
1851,-7325807994609932602,298.15,101.0,Liquid,2,CO,Solvent,0.75,,ClC(Cl)Cl,Solvent,0.25,,,,,,,,,,1.064609,0.000108,,,10.1021/je060441j,ser
2096,-1183548630768093616,298.15,101.0,Liquid,2,CO,Solvent,0.4997,,O,Solvent,0.5003,,,,,,,,,,0.8816900000000003,0.000165,,,10.1016/j.jct.2007.05.004,ser
2097,5038316785805625089,298.15,101.0,Liquid,2,CO,Solvent,0.7605,,O,Solvent,0.2395,,,,,,,,,,0.8289000000000002,0.0001,,,10.1021/je700300y,ser
2098,-2765981204168745184,298.15,101.0,Liquid,2,CO,Solvent,0.2679,,O,Solvent,0.7321,,,,,,,,,,0.93218,6.0000000000000015e-05,,,10.1021/je700300y,ser
2282,-1576751732639579232,298.15,101.0,Liquid,2,CO,Solvent,0.5,,COC(=O)OC,Solvent,0.5,,,,,,,,,,0.9746100000000002,6.500000000000002e-05,,,10.1016/j.fluid.2014.07.004,ser
2283,-5561432723693473181,298.15,101.0,Liquid,2,CO,Solvent,0.7992,,COC(=O)OC,Solvent,0.2008,,,,,,,,,,0.8825100000000002,0.00018,,,10.1021/je9008624,ser
2284,-855397613573001895,298.15,101.0,Liquid,2,CO,Solvent,0.2985,,COC(=O)OC,Solvent,0.7015,,,,,,,,,,1.0170400000000002,0.000105,,,10.1021/je9008624,ser
2285,-8054915957774721418,313.15,100.0,Liquid,2,CO,Solvent,0.7494000000000001,,COC(=O)OC,Solvent,0.2506,,,,,,1.24523,0.00521,,,,,,,10.1021/je050052+,ser
2286,4230625322380345508,313.15,100.0,Liquid,2,CO,Solvent,0.5015000000000001,,COC(=O)OC,Solvent,0.4985,,,,,,1.45255,0.006015,,,,,,,10.1021/je050052+,ser
2287,1848862287042525513,313.15,100.0,Liquid,2,CO,Solvent,0.2501,,COC(=O)OC,Solvent,0.7499,,,,,,1.06261,0.004505,,,,,,,10.1021/je050052+,ser
2644,2595327799475400504,293.15,101.0,Liquid,2,CC(=O)OCCC(C)C,Solvent,0.2227,,CO,Solvent,0.7773,,,,,,,,,,0.8332600000000002,7.500000000000002e-05,,,10.1016/j.jct.2010.12.009,ser
2645,404654161981082840,293.15,101.0,Liquid,2,CC(=O)OCCC(C)C,Solvent,0.5324,,CO,Solvent,0.4676,,,,,,,,,,0.8574200000000002,8.500000000000002e-05,,,10.1016/j.jct.2010.12.009,ser
2646,-5267430319572933866,293.15,101.0,Liquid,2,CC(=O)OCCC(C)C,Solvent,0.7662,,CO,Solvent,0.2338,,,,,,,,,,0.8668600000000002,9.500000000000002e-05,,,10.1016/j.jct.2010.12.009,ser
2852,8031624078284322636,298.15,100.0,Liquid,2,CCCCO,Solvent,0.1994,,CO,Solvent,0.8006,,,,,,,,,,0.7946650000000002,0.000122,,,10.1016/j.fluid.2017.01.019,ser
2853,4362499611532390741,298.15,100.0,Liquid,2,CCCCO,Solvent,0.5082,,CO,Solvent,0.4918,,,,,,,,,,0.8014940000000003,0.0001195,,,10.1016/j.fluid.2017.01.019,ser
2854,-7785541261424928736,298.15,100.0,Liquid,2,CCCCO,Solvent,0.7994,,CO,Solvent,0.2006,,,,,,,,,,0.8050570000000002,0.000118,,,10.1016/j.fluid.2017.01.019,ser
3167,2281518744331630648,298.15,101.0,Liquid,2,CCCCOCCCC,Solvent,0.7195,,CO,Solvent,0.2805,,,,,,0.766,0.0155,,,,,,,10.1016/j.jct.2009.07.001,ser
3168,-3591789631489555478,298.15,101.0,Liquid,2,CCCCOCCCC,Solvent,0.5032,,CO,Solvent,0.4968,,,,,,0.79,0.016,,,,,,,10.1016/j.jct.2009.07.001,ser
3169,5464373177815127918,298.15,101.0,Liquid,2,CCCCOCCCC,Solvent,0.2544999999999999,,CO,Solvent,0.7455,,,,,,0.562,0.0115,,,,,,,10.1016/j.jct.2009.07.001,ser
3194,3273594394011772714,298.15,100.0,Liquid,2,CCCCC(=O)OC,Solvent,0.248,,CO,Solvent,0.752,,,,,,,,,,0.8375100000000002,8.000000000000002e-05,,,10.1016/j.jct.2015.02.019,ser
3195,-6951124868904201024,298.15,100.0,Liquid,2,CCCCC(=O)OC,Solvent,0.5121,,CO,Solvent,0.4879,,,,,,,,,,0.8627500000000002,9.000000000000002e-05,,,10.1016/j.jct.2015.02.019,ser
3196,-4053075721831601370,298.15,100.0,Liquid,2,CCCCC(=O)OC,Solvent,0.7472,,CO,Solvent,0.2528,,,,,,,,,,0.8756700000000002,0.00011,,,10.1016/j.jct.2015.02.019,ser
3197,6243931784769221749,298.15,100.0,Liquid,2,CCCCC(=O)OC,Solvent,0.264,,CO,Solvent,0.736,,,,,,0.736,0.008,,,,,,,10.1016/j.jct.2015.02.019,ser
3198,-4986856088934434985,298.15,100.0,Liquid,2,CCCCC(=O)OC,Solvent,0.5081,,CO,Solvent,0.4919,,,,,,1.091,0.0115,,,,,,,10.1016/j.jct.2015.02.019,ser
3199,1538945392538720056,298.15,100.0,Liquid,2,CCCCC(=O)OC,Solvent,0.7931,,CO,Solvent,0.2068999999999999,,,,,,0.812,0.009,,,,,,,10.1016/j.jct.2015.02.019,ser
3200,-5450984844629015557,298.15,100.0,Liquid,2,CO,Solvent,0.9167,,COC=O,Solvent,0.0833,,,,,,,,,,0.8088000000000002,9.000000000000002e-05,,,10.1016/j.jct.2015.02.019,ser
3201,-7648017318434727708,298.15,100.0,Liquid,2,CO,Solvent,0.5054000000000001,,COC=O,Solvent,0.4946,,,,,,,,,,0.8956100000000002,7.500000000000002e-05,,,10.1016/j.jct.2015.02.019,ser
3202,-1060532783565847665,298.15,100.0,Liquid,2,CO,Solvent,0.2729,,COC=O,Solvent,0.7271,,,,,,,,,,0.9321000000000004,8.000000000000002e-05,,,10.1016/j.jct.2015.02.019,ser
3203,154256409305925133,298.15,100.0,Liquid,2,CO,Solvent,0.9167,,COC=O,Solvent,0.0833,,,,,,0.311,0.0035,,,,,,,10.1016/j.jct.2015.02.019,ser
3204,8526995703898238290,298.15,100.0,Liquid,2,CO,Solvent,0.4872999999999999,,COC=O,Solvent,0.5127,,,,,,1.179,0.0125,,,,,,,10.1016/j.jct.2015.02.019,ser
3205,9052660615101215462,298.15,100.0,Liquid,2,CO,Solvent,0.2822,,COC=O,Solvent,0.7178,,,,,,1.105,0.012,,,,,,,10.1016/j.jct.2015.02.019,ser
3496,-2710717685921415701,298.0,101.0,Liquid,2,CCCCOC(C)(C)C,Solvent,0.2448,,CO,Solvent,0.7552,,,,,,,,,,0.7738300000000002,0.0001,,,10.1016/j.tca.2005.04.030,ser
3497,552262964166716665,298.0,101.0,Liquid,2,CCCCOC(C)(C)C,Solvent,0.5003,,CO,Solvent,0.4997,,,,,,,,,,0.7670500000000001,9.000000000000002e-05,,,10.1016/j.tca.2005.04.030,ser
3498,7549803961213080400,298.0,101.0,Liquid,2,CCCCOC(C)(C)C,Solvent,0.721,,CO,Solvent,0.279,,,,,,,,,,0.7629900000000002,7.500000000000002e-05,,,10.1016/j.tca.2005.04.030,ser
3615,-2869231827606359247,298.15,101.0,Liquid,2,CO,Solvent,0.6991,,COC(C)=O,Solvent,0.3009,,,,,,,,,,0.8517800000000002,6.0000000000000015e-05,,,10.1016/j.jct.2009.06.007,ser
3616,6326120067838451507,298.15,101.0,Liquid,2,CO,Solvent,0.5057,,COC(C)=O,Solvent,0.4943,,,,,,,,,,0.8800200000000001,5.5000000000000016e-05,,,10.1016/j.jct.2009.06.007,ser
3617,-1935595077553193373,298.15,101.0,Liquid,2,CO,Solvent,0.2306,,COC(C)=O,Solvent,0.7694,,,,,,,,,,0.9091900000000004,4.500000000000001e-05,,,10.1016/j.jct.2009.06.007,ser
3843,7432786350623969781,298.15,101.0,Liquid,2,CC(C)OC(C)C,Solvent,0.749,,CO,Solvent,0.251,,,,,,,,,,0.7298400000000002,0.000125,,,10.1016/j.fluid.2014.09.014,ser
3844,8613528080750070988,298.15,101.0,Liquid,2,CC(C)OC(C)C,Solvent,0.5475,,CO,Solvent,0.4525,,,,,,,,,,0.7391900000000002,0.000115,,,10.1016/j.fluid.2014.09.014,ser
3845,-5900539451196315202,298.15,101.0,Liquid,2,CC(C)OC(C)C,Solvent,0.2496,,CO,Solvent,0.7504,,,,,,,,,,0.7581100000000002,0.00011,,,10.1016/j.fluid.2014.09.014,ser
3864,5656266071050409438,298.15,100.0,Liquid,2,CO,Solvent,0.2089,,NC1CCCCC1,Solvent,0.7911,,,,,,,,,,0.8648480000000002,0.0010415,,,10.1016/j.tca.2016.03.002,ser
3865,-8145398412452718336,298.15,100.0,Liquid,2,CO,Solvent,0.493,,NC1CCCCC1,Solvent,0.507,,,,,,,,,,0.8626050000000002,0.0010375,,,10.1016/j.tca.2016.03.002,ser
3866,4238865308357977329,298.15,100.0,Liquid,2,CO,Solvent,0.798,,NC1CCCCC1,Solvent,0.2019999999999999,,,,,,,,,,0.8365130000000003,0.001014,,,10.1016/j.tca.2016.03.002,ser
3867,7052559531045734827,298.15,101.0,Liquid,2,CCOC(C)=O,Solvent,0.2535,,CO,Solvent,0.7464999999999999,,,,,,,,,,0.8365000000000002,0.0003,,,10.1021/je100614r,ser
3868,-3580191135804027245,298.15,101.0,Liquid,2,CCOC(C)=O,Solvent,0.4983,,CO,Solvent,0.5017,,,,,,,,,,0.8641000000000002,0.00025,,,10.1021/je100614r,ser
3869,-6977742030732786203,298.15,101.0,Liquid,2,CCOC(C)=O,Solvent,0.75,,CO,Solvent,0.25,,,,,,,,,,0.8823000000000002,0.0002,,,10.1021/je100614r,ser
3945,8396582789633682966,303.15,101.0,Liquid,2,CO,Solvent,0.724,,CS(C)=O,Solvent,0.276,,,,,,-0.298,0.002,,,,,,,10.1016/j.tca.2006.10.025,ser
3946,-4074590004345251044,303.15,101.0,Liquid,2,CO,Solvent,0.4664,,CS(C)=O,Solvent,0.5336,,,,,,-0.433,0.003,,,,,,,10.1016/j.tca.2006.10.025,ser
3947,-2074995029878045555,303.15,101.0,Liquid,2,CO,Solvent,0.2256,,CS(C)=O,Solvent,0.7744,,,,,,-0.317,0.002,,,,,,,10.1016/j.tca.2006.10.025,ser
3948,2160335416921286865,303.15,101.0,Liquid,2,CO,Solvent,0.7996,,CS(C)=O,Solvent,0.2004,,,,,,,,,,0.8860000000000002,0.00115,,,10.1016/j.jct.2006.10.016,ser
3949,7751634945385165113,303.15,101.0,Liquid,2,CO,Solvent,0.5004,,CS(C)=O,Solvent,0.4996,,,,,,,,,,0.9884000000000002,0.0013,,,10.1016/j.jct.2006.10.016,ser
3950,6719686705342051689,303.15,101.0,Liquid,2,CO,Solvent,0.1988999999999999,,CS(C)=O,Solvent,0.8011,,,,,,,,,,1.0555000000000003,0.0014,,,10.1016/j.jct.2006.10.016,ser
3987,-2950503477342897799,298.15,101.0,Liquid,2,CO,Solvent,0.6595264695287754,,OCCO,Solvent,0.3404735304712246,,,,,,,,,,0.9338000000000002,0.003,,,10.1016/j.fluid.2009.03.002,ser
3988,6691514565048710363,298.15,101.0,Liquid,2,CO,Solvent,0.3923540989797748,,OCCO,Solvent,0.6076459010202252,,,,,,,,,,1.0196000000000005,0.003,,,10.1016/j.fluid.2009.03.002,ser
3989,7768153457498661131,298.15,101.3,Liquid,2,CO,Solvent,0.7626,,OCCO,Solvent,0.2374,,,,,,0.10027,0.001,,,,,,,10.1021/je030207i,ser
3990,662167990192248581,298.15,101.3,Liquid,2,CO,Solvent,0.4788,,OCCO,Solvent,0.5212,,,,,,0.11785,0.00109,,,,,,,10.1021/je030207i,ser
3991,8728436344507098679,298.15,101.3,Liquid,2,CO,Solvent,0.2563999999999999,,OCCO,Solvent,0.7436,,,,,,0.08238,0.00091,,,,,,,10.1021/je030207i,ser
4055,771410381361208271,298.15,101.0,Liquid,2,CN1CCN(C)C1=O,Solvent,0.19988,,CO,Solvent,0.8001199999999999,,,,,,,,,,0.9005600000000001,0.000145,,,10.1016/j.jct.2006.09.017,ser
4056,4790782677101990349,298.15,101.0,Liquid,2,CN1CCN(C)C1=O,Solvent,0.49847,,CO,Solvent,0.50153,,,,,,,,,,0.9870900000000002,9.000000000000002e-05,,,10.1016/j.jct.2006.09.017,ser
4057,5963768774424976445,298.15,101.0,Liquid,2,CN1CCN(C)C1=O,Solvent,0.70011,,CO,Solvent,0.29989,,,,,,,,,,1.0200400000000005,8.000000000000002e-05,,,10.1016/j.jct.2006.09.017,ser
4344,-7735336052539017543,298.15,101.0,Liquid,2,CC(C)NC(C)C,Solvent,0.2399,,CO,Solvent,0.7601,,,,,,,,,,0.7770200000000002,0.00012,,,10.1016/j.tca.2011.05.006,ser
4345,-243642243578570089,298.15,101.0,Liquid,2,CC(C)NC(C)C,Solvent,0.4444,,CO,Solvent,0.5556,,,,,,,,,,0.7617600000000002,0.00012,,,10.1016/j.tca.2011.05.006,ser
4346,-5988010539570532802,298.15,101.0,Liquid,2,CC(C)NC(C)C,Solvent,0.7388,,CO,Solvent,0.2612,,,,,,,,,,0.7366200000000002,0.00012,,,10.1016/j.tca.2011.05.006,ser
4362,-2217526778841972380,298.15,101.325,Liquid,2,CN1CCNCC1,Solvent,0.8001,,CO,Solvent,0.1999,,,,,,,,,,0.8980800000000002,0.000185,,,10.1016/j.fluid.2005.05.012,ser
4363,-1506280986331712460,298.15,101.325,Liquid,2,CN1CCNCC1,Solvent,0.5009,,CO,Solvent,0.4991,,,,,,,,,,0.8891300000000002,0.000195,,,10.1016/j.fluid.2005.05.012,ser
4364,-5054170220678007988,298.15,101.325,Liquid,2,CN1CCNCC1,Solvent,0.2002,,CO,Solvent,0.7998,,,,,,,,,,0.8569600000000003,0.00023,,,10.1016/j.fluid.2005.05.012,ser
4503,-2985783337649207321,298.15,101.32,Liquid,2,CCI,Solvent,0.74,,CO,Solvent,0.26,,,,,,,,,,1.7436000000000005,0.0004,,,10.1016/j.jct.2005.05.004,ser
4504,-1647199767410719412,298.15,101.32,Liquid,2,CCI,Solvent,0.5045999999999999,,CO,Solvent,0.4954,,,,,,,,,,1.5375000000000003,0.0004,,,10.1016/j.jct.2005.05.004,ser
4505,8508343645379853237,298.15,101.32,Liquid,2,CCI,Solvent,0.2010999999999999,,CO,Solvent,0.7989,,,,,,,,,,1.1568000000000005,0.0005,,,10.1016/j.jct.2005.05.004,ser
4512,-3115891871813456131,298.15,101.32,Liquid,2,CO,Solvent,0.8009999999999999,,Cc1ccccc1,Solvent,0.199,,,,,,,,,,0.8181000000000003,0.0002,,,10.1016/j.jct.2005.05.004,ser
4513,3125955268674230755,298.15,101.32,Liquid,2,CO,Solvent,0.4976,,Cc1ccccc1,Solvent,0.5024,,,,,,,,,,0.8424000000000001,0.0002,,,10.1016/j.jct.2005.05.004,ser
4514,5935302004113866125,298.15,101.32,Liquid,2,CO,Solvent,0.2236,,Cc1ccccc1,Solvent,0.7764,,,,,,,,,,0.8548000000000001,0.0002,,,10.1016/j.jct.2005.05.004,ser
4518,-4254961827884702922,298.15,101.0,Liquid,2,CCCCOP(=O)(OCCCC)OCCCC,Solvent,0.2825,,CO,Solvent,0.7175,,,,,,-0.18107,0.00843,,,,,,,10.1016/j.jct.2006.08.001,ser
4519,2703613968981502471,298.15,101.0,Liquid,2,CCCCOP(=O)(OCCCC)OCCCC,Solvent,0.457,,CO,Solvent,0.5429999999999999,,,,,,-0.26864,0.01106,,,,,,,10.1016/j.jct.2006.08.001,ser
4520,-2596845440536688428,298.15,101.0,Liquid,2,CCCCOP(=O)(OCCCC)OCCCC,Solvent,0.7388,,CO,Solvent,0.2612,,,,,,-0.25605,0.01068,,,,,,,10.1016/j.jct.2006.08.001,ser
4590,-5672484543769147808,303.15,100.0,Liquid,2,CCOC(=O)C(C)C,Solvent,0.1996,,CO,Solvent,0.8004,,,,,,,,,,0.8173600000000002,0.000115,,,10.1016/j.jct.2019.105884,ser
4591,-5132452665711467258,303.15,100.0,Liquid,2,CCOC(=O)C(C)C,Solvent,0.499,,CO,Solvent,0.501,,,,,,,,,,0.8414100000000002,0.00011,,,10.1016/j.jct.2019.105884,ser
4592,2504892874828786302,303.15,100.0,Liquid,2,CCOC(=O)C(C)C,Solvent,0.703,,CO,Solvent,0.297,,,,,,,,,,0.8501200000000002,0.00011,,,10.1016/j.jct.2019.105884,ser
4593,8650613068529549368,303.15,100.0,Liquid,2,CCOC(=O)C(C)C,Solvent,0.289,,CO,Solvent,0.7110000000000001,,,,,,0.488,0.0035,,,,,,,10.1016/j.jct.2019.105884,ser
4594,-5820637183922019567,303.15,100.0,Liquid,2,CCOC(=O)C(C)C,Solvent,0.48,,CO,Solvent,0.52,,,,,,0.671,0.0045,,,,,,,10.1016/j.jct.2019.105884,ser
4595,8871679866034288164,303.15,100.0,Liquid,2,CCOC(=O)C(C)C,Solvent,0.771,,CO,Solvent,0.2289999999999999,,,,,,0.632,0.0045,,,,,,,10.1016/j.jct.2019.105884,ser
4768,-6988018683883890962,298.15,101.0,Liquid,2,CCC#N,Solvent,0.7662,,CO,Solvent,0.2338,,,,,,,,,,0.7784000000000002,0.0002,,,10.1016/j.jct.2005.05.007,ser
4769,-7577565220975763527,298.15,101.0,Liquid,2,CCC#N,Solvent,0.5121,,CO,Solvent,0.4879,,,,,,,,,,0.7810000000000001,0.0002,,,10.1016/j.jct.2005.05.007,ser
4770,-1688189875405668529,298.15,101.0,Liquid,2,CCC#N,Solvent,0.237,,CO,Solvent,0.763,,,,,,,,,,0.7844000000000002,0.0002,,,10.1016/j.jct.2005.05.007,ser
4879,1358635164279949942,298.15,101.325,Liquid,2,CO,Solvent,0.7296,,O=Cc1ccccc1,Solvent,0.2704,,,,,,0.83,0.0037,,,,,,,10.1016/j.jct.2011.05.014,ser
4880,-7325063989564124493,298.15,101.325,Liquid,2,CO,Solvent,0.4594,,O=Cc1ccccc1,Solvent,0.5406,,,,,,0.978,0.0042,,,,,,,10.1016/j.jct.2011.05.014,ser
4881,2188456807500497687,298.15,101.325,Liquid,2,CO,Solvent,0.2655999999999999,,O=Cc1ccccc1,Solvent,0.7344,,,,,,0.7642,0.0035,,,,,,,10.1016/j.jct.2011.05.014,ser
4978,5962349750603677277,298.15,101.0,Liquid,2,CO,Solvent,0.299,,COC(C)(C)CC(C)(C)C,Solvent,0.7010000000000001,,,,,,0.526,0.013,,,,,,,10.1016/j.jct.2015.08.011,ser
4979,-1826205351052431975,298.15,101.0,Liquid,2,CO,Solvent,0.489,,COC(C)(C)CC(C)(C)C,Solvent,0.511,,,,,,0.518,0.0125,,,,,,,10.1016/j.jct.2015.08.011,ser
4980,-9196289028775993658,298.15,101.0,Liquid,2,CO,Solvent,0.794,,COC(C)(C)CC(C)(C)C,Solvent,0.2059999999999999,,,,,,0.308,0.008,,,,,,,10.1016/j.jct.2015.08.011,ser
5065,-8631610422384304988,298.15,101.0,Liquid,2,CO,Solvent,0.2003,,COc1ccccc1,Solvent,0.7997,,,,,,,,,,0.9726300000000002,2.5000000000000008e-05,,,10.1016/j.fluid.2014.07.004,ser
5066,6297838715213511852,298.15,101.0,Liquid,2,CO,Solvent,0.4997,,COc1ccccc1,Solvent,0.5003,,,,,,,,,,0.9366700000000002,5.0000000000000016e-05,,,10.1016/j.fluid.2014.07.004,ser
5067,3166064711531794513,298.15,101.0,Liquid,2,CO,Solvent,0.7001,,COc1ccccc1,Solvent,0.2999,,,,,,,,,,0.8981900000000003,5.0000000000000016e-05,,,10.1016/j.fluid.2014.07.004,ser
5143,-2840302632148098623,298.15,101.0,Liquid,2,C=C(C)CC(C)(C)C,Solvent,0.6990000000000001,,CO,Solvent,0.301,,,,,,0.577,0.014,,,,,,,10.1016/j.jct.2015.01.013,ser
5144,-2048796076257688239,298.15,101.0,Liquid,2,C=C(C)CC(C)(C)C,Solvent,0.502,,CO,Solvent,0.498,,,,,,0.584,0.014,,,,,,,10.1016/j.jct.2015.01.013,ser
5145,5532130543150177569,298.15,101.0,Liquid,2,C=C(C)CC(C)(C)C,Solvent,0.2019999999999999,,CO,Solvent,0.798,,,,,,0.428,0.0105,,,,,,,10.1016/j.jct.2015.01.013,ser
5232,1450010121709459989,298.15,101.0,Liquid,2,CO,Solvent,0.70295,,OCC(F)(F)F,Solvent,0.29705,,,,,,-0.7644,0.0034,,,,,,,10.1016/j.tca.2007.04.012,ser
5233,-3643348754991629887,298.15,101.0,Liquid,2,CO,Solvent,0.5028900000000001,,OCC(F)(F)F,Solvent,0.49711,,,,,,-0.8516,0.00375,,,,,,,10.1016/j.tca.2007.04.012,ser
5234,-8004739314642165102,298.15,101.0,Liquid,2,CO,Solvent,0.29015,,OCC(F)(F)F,Solvent,0.70985,,,,,,-0.6762,0.00305,,,,,,,10.1016/j.tca.2007.04.012,ser
5235,-4430701689466519826,298.15,101.0,Liquid,2,CO,Solvent,0.81378,,OCC(F)(F)F,Solvent,0.18622,,,,,,,,,,0.9494200000000002,8.000000000000002e-05,,,10.1016/j.tca.2007.04.012,ser
5236,8023641759862130984,298.15,101.0,Liquid,2,CO,Solvent,0.51922,,OCC(F)(F)F,Solvent,0.48078,,,,,,,,,,1.1449100000000003,0.00015,,,10.1016/j.tca.2007.04.012,ser
5237,-7625780353834476033,298.15,101.0,Liquid,2,CO,Solvent,0.30945,,OCC(F)(F)F,Solvent,0.69055,,,,,,,,,,1.2537400000000003,0.00011,,,10.1016/j.tca.2007.04.012,ser
5277,-4084225271901693476,298.15,101.0,Liquid,2,CO,Solvent,0.74,,COC(C)(C)C,Solvent,0.26,,,,,,,,,,0.7670800000000002,0.000115,,,10.1016/j.jct.2011.02.018,ser
5278,5627597915932536795,298.15,101.0,Liquid,2,CO,Solvent,0.4996,,COC(C)(C)C,Solvent,0.5004,,,,,,,,,,0.7544200000000001,0.00012,,,10.1016/j.jct.2011.02.018,ser
5279,5497467283996581422,298.15,101.0,Liquid,2,CO,Solvent,0.2551,,COC(C)(C)C,Solvent,0.7449,,,,,,,,,,0.7446000000000002,0.00012,,,10.1016/j.jct.2011.02.018,ser
5343,-6664802997643117063,298.15,101.0,Liquid,2,CC#N,Solvent,0.5041,,CO,Solvent,0.4959,,,,,,,,,,0.7834270000000002,0.000505,,,10.1016/j.jct.2014.02.021,ser
5344,3239433151933770256,298.15,101.0,Liquid,2,CC#N,Solvent,0.2008,,CO,Solvent,0.7992,,,,,,,,,,0.7866470000000002,0.000508,,,10.1016/j.jct.2014.02.021,ser
5345,-4476872184078315408,298.15,101.0,Liquid,2,CC#N,Solvent,0.7992,,CO,Solvent,0.2007999999999999,,,,,,,,,,0.7792480000000003,0.0005035,,,10.1016/j.jct.2014.02.021,ser
5346,-5781953016784896749,298.15,101.0,Liquid,2,CN(C)C=O,Solvent,0.2004,,CO,Solvent,0.7996,,,,,,,,,,0.8430000000000002,0.000508,,,10.1016/j.jct.2014.02.021,ser
5347,2726080143375514177,298.15,101.0,Liquid,2,CN(C)C=O,Solvent,0.7,,CO,Solvent,0.3,,,,,,,,,,0.9195800000000004,0.000135,,,10.1021/je700430g,ser
5348,-4570020847933962957,298.15,101.0,Liquid,2,CN(C)C=O,Solvent,0.5,,CO,Solvent,0.5,,,,,,,,,,0.8964000000000002,0.000155,,,10.1021/je700430g,ser
5750,-608277451154886356,298.15,101.325,Liquid,2,CO,Solvent,0.7499,,NCCO,Solvent,0.2501,,,,,,,,,,0.8766200000000002,9.000000000000002e-05,,,10.1016/j.tca.2004.11.015,ser
5751,7757525790928332988,298.15,101.325,Liquid,2,CO,Solvent,0.4998,,NCCO,Solvent,0.5002,,,,,,,,,,0.9376600000000002,0.00014,,,10.1016/j.tca.2004.11.015,ser
5752,-837949192591973849,298.15,101.325,Liquid,2,CO,Solvent,0.2521,,NCCO,Solvent,0.7479,,,,,,,,,,0.9803200000000004,0.00019,,,10.1016/j.tca.2004.11.015,ser
5926,731156717367409013,298.15,101.3,Liquid,2,CC(=O)CC(C)C,Solvent,0.2495,,CO,Solvent,0.7505,,,,,,0.5279,0.01255,,,,,,,10.1016/j.tca.2004.09.012,ser
5927,-1489698021558512982,298.15,101.3,Liquid,2,CC(=O)CC(C)C,Solvent,0.5037,,CO,Solvent,0.4962999999999999,,,,,,0.875,0.0195,,,,,,,10.1016/j.tca.2004.09.012,ser
5928,-2065453238733526734,298.15,101.3,Liquid,2,CC(=O)CC(C)C,Solvent,0.707,,CO,Solvent,0.293,,,,,,0.8161,0.0183,,,,,,,10.1016/j.tca.2004.09.012,ser
5971,5301228838598910703,298.15,101.0,Liquid,2,CO,Solvent,0.6998,,COC(=O)Oc1ccccc1,Solvent,0.3002,,,,,,,,,,1.0009200000000005,4.500000000000001e-05,,,10.1016/j.fluid.2013.09.030,ser
5972,-2464567937782076340,298.15,101.0,Liquid,2,CO,Solvent,0.5,,COC(=O)Oc1ccccc1,Solvent,0.5,,,,,,,,,,1.0644900000000002,4.500000000000001e-05,,,10.1016/j.fluid.2013.09.030,ser
5973,1999556381586850180,298.15,101.0,Liquid,2,CO,Solvent,0.2992,,COC(=O)Oc1ccccc1,Solvent,0.7008,,,,,,,,,,1.1052800000000005,5.5000000000000016e-05,,,10.1016/j.fluid.2013.09.030,ser
6069,7374546595737479410,298.15,101.0,Liquid,2,CO,Solvent,0.7,,O=C(O)C1CC1,Solvent,0.3,,,,,,,,,,0.9351600000000002,0.00014,,,10.1021/je800930v,ser
6070,-7895031179887805006,298.15,101.0,Liquid,2,CO,Solvent,0.5005999999999999,,O=C(O)C1CC1,Solvent,0.4994,,,,,,,,,,0.9962100000000004,0.0001,,,10.1021/je800930v,ser
6071,5956081049619351256,298.15,101.0,Liquid,2,CO,Solvent,0.1998999999999999,,O=C(O)C1CC1,Solvent,0.8001,,,,,,,,,,1.0561700000000005,0.000135,,,10.1021/je800930v,ser
6152,7030934299488143955,298.15,101.0,Liquid,2,CCO,Solvent,0.6749,,CO,Solvent,0.3251,,,,,,,,,,0.7854400000000002,0.00012,,,10.1021/je700300y,thr
6153,-2155683349926293164,298.15,101.0,Liquid,2,CCO,Solvent,0.4407999999999999,,CO,Solvent,0.5592,,,,,,,,,,0.7857000000000003,0.00012,,,10.1021/je700300y,thr
6154,556858780524065979,298.15,101.0,Liquid,2,CCO,Solvent,0.2818,,CO,Solvent,0.7182,,,,,,,,,,0.7859500000000003,0.00012,,,10.1021/je700300y,thr
6173,4115581461921459664,298.15,101.3,Liquid,2,CCOC(=O)OCC,Solvent,0.749,,CO,Solvent,0.251,,,,,,,,,,0.9507000000000004,0.00014,,,10.1021/je049544x,ser
6174,4183230958181346815,298.15,101.3,Liquid,2,CCOC(=O)OCC,Solvent,0.51,,CO,Solvent,0.49,,,,,,,,,,0.9251600000000002,0.00017,,,10.1021/je049544x,ser
6175,-7064206051350001259,298.15,101.3,Liquid,2,CCOC(=O)OCC,Solvent,0.25,,CO,Solvent,0.75,,,,,,,,,,0.8785400000000002,0.00021,,,10.1021/je049544x,ser
6182,-2535613007765655508,308.15,101.0,Liquid,2,CO,Solvent,0.7001999999999999,,Cc1cccc(O)c1,Solvent,0.2998,,,,,,,,,,0.9141100000000002,0.0003,,,10.1021/je0504156,ser
6183,-4977012222582834276,308.15,101.0,Liquid,2,CO,Solvent,0.5002,,Cc1cccc(O)c1,Solvent,0.4998,,,,,,,,,,0.9609700000000002,0.00026,,,10.1021/je0504156,ser
6184,1908244108194011140,308.15,101.0,Liquid,2,CO,Solvent,0.2000999999999999,,Cc1cccc(O)c1,Solvent,0.7999,,,,,,,,,,1.0029900000000005,0.00026,,,10.1021/je0504156,ser
6254,-777480254491460565,298.15,101.3,Liquid,2,CC(=O)O,Solvent,0.2016,,CO,Solvent,0.7984,,,,,,,,,,0.8627100000000002,0.00019,,,10.1021/je0342825,asp
6255,-6072846040177789782,298.15,101.3,Liquid,2,CC(=O)O,Solvent,0.4992,,CO,Solvent,0.5008,,,,,,,,,,0.9511600000000002,0.00019,,,10.1021/je0342825,asp
6256,-7757977600737693061,298.15,101.3,Liquid,2,CC(=O)O,Solvent,0.7969,,CO,Solvent,0.2030999999999999,,,,,,,,,,1.0147200000000005,0.00023,,,10.1021/je0342825,asp
6272,-2265711796671071702,303.15,101.0,Liquid,2,CO,Solvent,0.305,,O=CO,Solvent,0.6950000000000001,,,,,,-0.0779,0.0017,,,,,,,10.1021/je800568m,ser
6273,5062912821048980609,303.15,101.0,Liquid,2,CO,Solvent,0.475,,O=CO,Solvent,0.525,,,,,,-0.1009,0.00215,,,,,,,10.1021/je800568m,ser
6274,7527733111164546353,303.15,101.0,Liquid,2,CO,Solvent,0.745,,O=CO,Solvent,0.255,,,,,,-0.0762,0.00165,,,,,,,10.1021/je800568m,ser
6351,-3723692260640876194,293.15,101.0,Liquid,2,CO,Solvent,0.1999,,NCCOCCO,Solvent,0.8001,,,,,,,,,,1.0378730000000005,0.000335,,,10.1021/je3013205,ser
6352,2071750128985647317,293.15,101.0,Liquid,2,CO,Solvent,0.5,,NCCOCCO,Solvent,0.5,,,,,,,,,,0.9938980000000004,0.00017,,,10.1021/je3013205,ser
6353,4280049339594470688,293.15,101.0,Liquid,2,CO,Solvent,0.6999,,NCCOCCO,Solvent,0.3001,,,,,,,,,,0.9450320000000004,0.0001065,,,10.1021/je3013205,ser
6411,5193488313621512399,298.15,101.0,Liquid,2,CO,Solvent,0.7272000000000001,,OCc1ccccc1,Solvent,0.2728,,,,,,-0.0792,0.001,,,,,,,10.1021/je100095p,ser
6412,2798240665787748014,298.15,101.0,Liquid,2,CO,Solvent,0.5005,,OCc1ccccc1,Solvent,0.4995,,,,,,-0.1408,0.00165,,,,,,,10.1021/je100095p,ser
6413,-3531792971910834242,298.15,101.0,Liquid,2,CO,Solvent,0.2002,,OCc1ccccc1,Solvent,0.7998,,,,,,-0.1081,0.0013,,,,,,,10.1021/je100095p,ser
6477,-4253177540450537224,303.15,101.325,Liquid,2,CCCC(=O)OCC,Solvent,0.3,,CO,Solvent,0.7,,,,,,,,,,0.8326100000000002,0.000105,,,10.1021/je0301500,ser
6478,2159417969768000099,303.15,101.325,Liquid,2,CCCC(=O)OCC,Solvent,0.4995,,CO,Solvent,0.5005,,,,,,,,,,0.8483000000000002,0.000135,,,10.1021/je0301500,ser
6479,5068815340383535922,303.15,101.325,Liquid,2,CCCC(=O)OCC,Solvent,0.7495,,CO,Solvent,0.2504999999999999,,,,,,,,,,0.8604300000000001,0.00018,,,10.1021/je0301500,ser
6530,-6359410128377362230,298.15,100.0,Liquid,2,CCC(=O)OCCN1CCNCC1,Solvent,0.0877121183256754,,CO,Solvent,0.9122878816743244,,,,,,,,,,0.9783000000000002,5.5000000000000016e-05,,,10.1021/je500380x,ser
6951,-2156403143052289249,297.8,101.0,Liquid,2,CCOC(F)(F)C(F)(F)C(F)(F)C(F)(F)F,Solvent,0.5219818447903375,,CO,Solvent,0.4780181552096625,,,,,,,,,,1.3570000000000004,0.00065,,,10.1021/je1011828,ser
6952,-1458375652416424197,297.8,101.0,Liquid,2,CCOC(F)(F)C(F)(F)C(F)(F)C(F)(F)F,Solvent,0.3267445568985394,,CO,Solvent,0.6732554431014606,,,,,,,,,,1.2944000000000004,0.0006,,,10.1021/je1011828,ser
6956,2867464786532096249,293.15,100.0,Liquid,2,C=C(C)C(=O)OCCN(C)C,Solvent,0.2003,,CO,Solvent,0.7997,,,,,,,,,,0.8771100000000002,0.000255,,,10.1021/acs.jced.8b00975,ser
6957,-7811232603920971192,303.15,100.0,Liquid,2,C=C(C)C(=O)OCCN(C)C,Solvent,0.5004,,CO,Solvent,0.4996,,,,,,,,,,0.9063900000000004,0.000255,,,10.1021/acs.jced.8b00975,ser
6958,-8716911711598079033,303.15,100.0,Liquid,2,C=C(C)C(=O)OCCN(C)C,Solvent,0.7881,,CO,Solvent,0.2118999999999999,,,,,,,,,,0.9191500000000002,0.00026,,,10.1021/acs.jced.8b00975,ser
7092,6935249512992877693,298.149,101.0,Liquid,2,CCC(C)=O,Solvent,0.22,,CO,Solvent,0.78,,,,,,,,,,0.7947610000000002,8.750000000000001e-05,,,10.1021/je5007604,ser
7093,-1039574336495630700,298.149,101.0,Liquid,2,CCC(C)=O,Solvent,0.4983,,CO,Solvent,0.5017,,,,,,,,,,0.7988050000000001,8.800000000000001e-05,,,10.1021/je5007604,ser
7094,3646355284502147535,298.149,101.0,Liquid,2,CCC(C)=O,Solvent,0.7943,,CO,Solvent,0.2057,,,,,,,,,,0.7999910000000002,8.850000000000001e-05,,,10.1021/je5007604,ser
7523,-8978560255285953024,293.15,101.325,Liquid,2,CCCCCC(=O)OCC,Solvent,0.2147,,CO,Solvent,0.7853,,,,,,,,,,0.8099600000000002,0.00031,,,10.1021/je0500633,ser
7524,8399769384749953197,293.15,101.325,Liquid,2,CCCCCC(=O)OCC,Solvent,0.5031,,CO,Solvent,0.4969,,,,,,,,,,0.8353200000000003,0.0003,,,10.1021/je0500633,ser
7525,3871185386149915107,293.15,101.325,Liquid,2,CCCCCC(=O)OCC,Solvent,0.7106,,CO,Solvent,0.2894,,,,,,,,,,0.8535600000000001,0.000295,,,10.1021/je0500633,ser
7577,-2983834025498207238,298.15,101.0,Liquid,2,CC(=O)OC(C)(C)C,Solvent,0.1997,,CO,Solvent,0.8003,,,,,,,,,,0.8199500000000003,0.000445,,,10.1021/je900442b,ser
7578,-6232106229913259742,298.15,101.0,Liquid,2,CC(=O)OC(C)(C)C,Solvent,0.5003,,CO,Solvent,0.4997,,,,,,,,,,0.8431200000000002,0.00046,,,10.1021/je900442b,ser
7579,203890748183086305,298.15,101.0,Liquid,2,CC(=O)OC(C)(C)C,Solvent,0.7985,,CO,Solvent,0.2015,,,,,,,,,,0.8547200000000003,0.00047,,,10.1021/je900442b,ser
7580,-3488043411982077040,298.15,101.0,Liquid,2,CCCCOC(C)=O,Solvent,0.2329,,CO,Solvent,0.7671,,,,,,,,,,0.8314900000000002,0.00044,,,10.1021/je900442b,ser
7581,3913068574671174780,298.15,101.0,Liquid,2,CCCCOC(C)=O,Solvent,0.498,,CO,Solvent,0.502,,,,,,,,,,0.8554600000000002,0.00044,,,10.1021/je900442b,ser
7582,-7193795927075993468,298.15,101.0,Liquid,2,CCCCOC(C)=O,Solvent,0.7912,,CO,Solvent,0.2087999999999999,,,,,,,,,,0.8697100000000002,0.000435,,,10.1021/je900442b,ser
7583,2458781950831237485,298.15,101.0,Liquid,2,CCOC(=O)CC(=O)OCC,Solvent,0.2501,,CO,Solvent,0.7499,,,,,,,,,,0.9355040000000002,0.0001385,,,10.1021/je100100n,ser
7584,4854015892196917213,298.15,101.0,Liquid,2,CCOC(=O)CC(=O)OCC,Solvent,0.5004,,CO,Solvent,0.4996,,,,,,,,,,0.9962350000000002,9.150000000000002e-05,,,10.1021/je100100n,ser
7585,8389896228212596469,298.15,101.0,Liquid,2,CCOC(=O)CC(=O)OCC,Solvent,0.7978,,CO,Solvent,0.2022,,,,,,,,,,1.0336070000000002,0.0001155,,,10.1021/je100100n,ser
7586,-1688483450886434023,298.2,101.3,Liquid,2,CCOC(=O)CC(=O)OCC,Solvent,0.2515,,CO,Solvent,0.7484999999999999,,,,,,1.083,0.0115,,,,,,,10.1021/je9003806,ser
7587,7413398721587298540,298.2,101.3,Liquid,2,CCOC(=O)CC(=O)OCC,Solvent,0.4993,,CO,Solvent,0.5006999999999999,,,,,,1.426,0.0155,,,,,,,10.1021/je9003806,ser
7588,1468953607348488087,298.2,101.3,Liquid,2,CCOC(=O)CC(=O)OCC,Solvent,0.7453,,CO,Solvent,0.2547,,,,,,1.184,0.013,,,,,,,10.1021/je9003806,ser
7608,7134244942516321904,303.15,101.0,Liquid,2,BrCBr,Solvent,0.2779,,CO,Solvent,0.7221,,,,,,0.409,0.016,,,,,,,10.1021/je9005882,ser
7609,4394819428649612143,303.15,101.0,Liquid,2,BrCBr,Solvent,0.504,,CO,Solvent,0.496,,,,,,0.639,0.023,,,,,,,10.1021/je9005882,ser
7610,1516360423452289679,303.15,101.0,Liquid,2,BrCBr,Solvent,0.7224,,CO,Solvent,0.2775999999999999,,,,,,0.782,0.0275,,,,,,,10.1021/je9005882,ser
7779,-2992416043366396671,303.15,101.0,Liquid,2,CO,Solvent,0.8471253013723548,,COCCO,Solvent,0.1528746986276452,,,,,,,,,,0.8330000000000002,0.001,,,10.1021/je900656c,ser
7933,8308530964857410324,298.15,101.0,Liquid,2,C=C(C)C(=O)OC,Solvent,0.7908,,CO,Solvent,0.2092,,,,,,,,,,0.9245640000000002,0.0001765,,,10.1021/je800164w,ser
7934,-1929611415076868800,298.15,101.0,Liquid,2,C=C(C)C(=O)OC,Solvent,0.4989,,CO,Solvent,0.5011,,,,,,,,,,0.8967070000000003,0.000167,,,10.1021/je800164w,ser
7935,4863539570370106929,298.15,101.0,Liquid,2,C=C(C)C(=O)OC,Solvent,0.2986999999999999,,CO,Solvent,0.7013,,,,,,,,,,0.8670220000000003,0.000177,,,10.1021/je800164w,ser
7984,1183480275584201110,298.15,100.0,Liquid,2,CC(=O)c1ccccc1,Solvent,0.1999,,CO,Solvent,0.8001,,,,,,0.6135,0.00675,,,,,,,10.1021/je7006633,ser
7985,-5084311262137276640,298.15,100.0,Liquid,2,CC(=O)c1ccccc1,Solvent,0.4998,,CO,Solvent,0.5002,,,,,,0.9211,0.00995,,,,,,,10.1021/je7006633,ser
7986,-4166759024424915041,298.15,100.0,Liquid,2,CC(=O)c1ccccc1,Solvent,0.799,,CO,Solvent,0.2009999999999999,,,,,,0.6817,0.00755,,,,,,,10.1021/je7006633,ser
8029,8761691503523859668,298.15,101.3,Liquid,2,CCC(C)(C)O,Solvent,0.2731,,CO,Solvent,0.7269,,,,,,-0.8036,0.0035,,,,,,,10.1021/je101031j,ser
8030,-2091101088503101281,298.15,101.3,Liquid,2,CCC(C)(C)O,Solvent,0.4608,,CO,Solvent,0.5392,,,,,,-1.2,0.00505,,,,,,,10.1021/je101031j,ser
8031,7799035306340663583,298.15,101.3,Liquid,2,CCC(C)(C)O,Solvent,0.7319,,CO,Solvent,0.2681,,,,,,-1.0696,0.00455,,,,,,,10.1021/je101031j,ser
8150,-7443786306842128077,298.15,101.325,Liquid,2,CC1CCCCC1,Solvent,0.121,,CO,Solvent,0.879,,,,,,0.3812,0.00515,,,,,,,10.1021/je020135f,ser
8151,-350387381007041457,298.15,101.325,Liquid,2,CC1CCCCC1,Solvent,0.859,,CO,Solvent,0.141,,,,,,0.4217,0.0056,,,,,,,10.1021/je020135f,ser
8241,-690653706113882295,298.15,101.32,Liquid,2,CCCCCl,Solvent,0.7,,CO,Solvent,0.3,,,,,,,,,,0.8656000000000003,0.00035,,,10.1021/je030226s,ser
8242,1818811242847877208,298.15,101.32,Liquid,2,CCCCCl,Solvent,0.5,,CO,Solvent,0.5,,,,,,,,,,0.8524000000000002,0.00035,,,10.1021/je030226s,ser
8243,1111591208499474912,298.15,101.32,Liquid,2,CCCCCl,Solvent,0.1999999999999999,,CO,Solvent,0.8,,,,,,,,,,0.8214000000000001,0.0004,,,10.1021/je030226s,ser
8491,-9054270843842378005,298.15,100.0,Liquid,2,CC(=O)CC(C)=O,Solvent,0.2496,,CO,Solvent,0.7504,,,,,,0.7465,0.00815,,,,,,,10.1021/je700492k,ser
8492,5822498229118284713,298.15,100.0,Liquid,2,CC(=O)CC(C)=O,Solvent,0.499,,CO,Solvent,0.501,,,,,,1.0123,0.01095,,,,,,,10.1021/je700492k,ser
8493,-3988730147322059883,298.15,100.0,Liquid,2,CC(=O)CC(C)=O,Solvent,0.7507,,CO,Solvent,0.2492999999999999,,,,,,0.8543,0.0093,,,,,,,10.1021/je700492k,ser
8563,3813291927368538003,298.2,101.3,Liquid,2,CO,Solvent,0.7,,COC(=O)CC(C)=O,Solvent,0.3,,,,,,1.169,0.0125,,,,,,,10.1021/je1006482,ser
8564,8567766301088004791,298.2,101.3,Liquid,2,CO,Solvent,0.4999,,COC(=O)CC(C)=O,Solvent,0.5001,,,,,,1.336,0.0145,,,,,,,10.1021/je1006482,ser
8565,-4792384073401235741,298.2,101.3,Liquid,2,CO,Solvent,0.2007,,COC(=O)CC(C)=O,Solvent,0.7993,,,,,,0.878,0.0095,,,,,,,10.1021/je1006482,ser
8615,-8944762904636366825,298.15,101.3,Liquid,2,CO,Solvent,0.7692,,ClC=C(Cl)Cl,Solvent,0.2308,,,,,,,,,,1.0521000000000005,0.0003,,,10.1021/je034203p,ser
8616,-5731159632350166195,298.15,101.3,Liquid,2,CO,Solvent,0.4875,,ClC=C(Cl)Cl,Solvent,0.5125,,,,,,,,,,1.2512000000000003,0.0005,,,10.1021/je034203p,ser
8617,-2091559227045665867,298.15,101.3,Liquid,2,CO,Solvent,0.1978999999999999,,ClC=C(Cl)Cl,Solvent,0.8021,,,,,,,,,,1.3863000000000003,0.0006,,,10.1021/je034203p,ser
8648,-4803524375905706846,298.15,101.3,Liquid,2,CO,Solvent,0.7172000000000001,,ClC(Cl)=C(Cl)Cl,Solvent,0.2828,,,,,,,,,,1.1926,0.00045,,,10.1021/je034203p,ser
8649,-4944892427039085952,298.15,101.3,Liquid,2,CO,Solvent,0.5205,,ClC(Cl)=C(Cl)Cl,Solvent,0.4795,,,,,,,,,,1.3559000000000003,0.0006,,,10.1021/je034203p,ser
8650,9219036463881026062,298.15,101.3,Liquid,2,CO,Solvent,0.2196,,ClC(Cl)=C(Cl)Cl,Solvent,0.7804,,,,,,,,,,1.5243000000000002,0.0007,,,10.1021/je034203p,ser
8750,-7649702628007855177,298.15,101.0,Liquid,2,C1CCOC1,Solvent,0.2967,,CO,Solvent,0.7033,,,,,,,,,,0.8323500000000003,0.000175,,,10.1021/je700308j,ser
8751,8231608335172515664,298.15,101.0,Liquid,2,C1CCOC1,Solvent,0.4848,,CO,Solvent,0.5152,,,,,,,,,,0.8510000000000002,0.000145,,,10.1021/je700308j,ser
8752,110195074093564878,298.15,101.0,Liquid,2,C1CCOC1,Solvent,0.7926,,CO,Solvent,0.2074,,,,,,,,,,0.8719400000000003,0.000115,,,10.1021/je700308j,ser
9110,-2106595286252304854,308.15,101.0,Liquid,2,CO,Solvent,0.7001999999999999,,Cc1ccc(O)cc1,Solvent,0.2998,,,,,,,,,,0.9145300000000002,0.00019,,,10.1021/je050376y,tyr
9111,2853026269203927485,308.15,101.0,Liquid,2,CO,Solvent,0.5001,,Cc1ccc(O)cc1,Solvent,0.4999,,,,,,,,,,0.9615900000000004,0.000185,,,10.1021/je050376y,tyr
9112,4893753291138919310,308.15,101.0,Liquid,2,CO,Solvent,0.1999999999999999,,Cc1ccc(O)cc1,Solvent,0.8,,,,,,,,,,1.0035300000000005,0.000205,,,10.1021/je050376y,tyr
9164,5813033638828855859,298.15,101.0,Liquid,2,C1COCCO1,Solvent,0.195139666343671,,CO,Solvent,0.8048603336563291,,,,,,,,,,0.8751000000000002,0.00035,,,10.1021/je200145r,ser
9189,9049573275036310732,298.15,101.3,Liquid,2,C=COC(=O)CC,Solvent,0.758,,CO,Solvent,0.242,,,,,,,,,,0.8972500000000002,0.000125,,,10.1021/je049909d,ser
9190,-3052765060585987044,298.15,101.3,Liquid,2,C=COC(=O)CC,Solvent,0.474,,CO,Solvent,0.526,,,,,,,,,,0.8747800000000002,0.000125,,,10.1021/je049909d,ser
9191,-3953448615855876854,298.15,101.3,Liquid,2,C=COC(=O)CC,Solvent,0.252,,CO,Solvent,0.748,,,,,,,,,,0.8462900000000002,0.000135,,,10.1021/je049909d,ser
70,-5895311960324126332,298.15,101.325,Liquid,1,CCO,Solvent,1.0,,,,,,,,,,,,,,0.7864000000000002,0.02,,,10.1016/j.fluid.2013.11.008,thr
1006,4162006696681907239,298.2,101.3,Liquid,2,CCO,Solvent,0.7503,,CCOC(=O)C(=O)OCC,Solvent,0.2497,,,,,,1.29,0.006,,,,,,,10.1016/j.jct.2013.05.024,thr
1007,9175581431625770064,298.2,101.3,Liquid,2,CCO,Solvent,0.4989,,CCOC(=O)C(=O)OCC,Solvent,0.5011,,,,,,1.695,0.007,,,,,,,10.1016/j.jct.2013.05.024,thr
1008,-692187024686814902,298.2,101.3,Liquid,2,CCO,Solvent,0.2475,,CCOC(=O)C(=O)OCC,Solvent,0.7525,,,,,,1.389,0.006,,,,,,,10.1016/j.jct.2013.05.024,thr
1200,4613284671378046045,313.15,101.3,Liquid,2,CCO,Solvent,0.9330984465097036,,O=C(O)CCCCC(=O)O,Solvent,0.0669015534902965,,,,,,,,,,0.8769000000000002,0.00035,,,10.1016/j.fluid.2015.09.036,thr
1222,-2924679709517100567,298.15,101.0,Liquid,2,CCO,Solvent,0.7476700000000001,,c1coc(Cc2ccco2)c1,Solvent,0.25233,,,,,,,,,,0.9232100000000004,0.000185,,,10.1016/j.jct.2010.05.016,thr
1223,-4761771828049905107,298.15,101.0,Liquid,2,CCO,Solvent,0.49021,,c1coc(Cc2ccco2)c1,Solvent,0.50979,,,,,,,,,,1.0039300000000002,0.00025,,,10.1016/j.jct.2010.05.016,thr
1224,-5851266246846768305,298.15,101.0,Liquid,2,CCO,Solvent,0.24236,,c1coc(Cc2ccco2)c1,Solvent,0.75764,,,,,,,,,,1.0549300000000004,0.00037,,,10.1016/j.jct.2010.05.016,thr
1345,-6287135955359574409,298.15,101.0,Liquid,2,CCO,Solvent,0.7695,,COP(=O)(OC)OC,Solvent,0.2305,,,,,,0.7018,0.00451,,,,,,,10.1016/j.tca.2008.02.015,thr
1346,-2662049961326741871,298.15,101.0,Liquid,2,CCO,Solvent,0.4768,,COP(=O)(OC)OC,Solvent,0.5232,,,,,,0.80354,0.005135,,,,,,,10.1016/j.tca.2008.02.015,thr
1347,-1606256032455724309,298.15,101.0,Liquid,2,CCO,Solvent,0.2225,,COP(=O)(OC)OC,Solvent,0.7775,,,,,,0.46599,0.00307,,,,,,,10.1016/j.tca.2008.02.015,thr
1375,8128353522264555278,298.15,101.0,Liquid,2,CCO,Solvent,0.25,,O,Solvent,0.75,,,,,,-0.702,0.009,,,,,,,10.1016/j.jct.2005.06.018,thr
1376,3976824500417838819,298.15,101.0,Liquid,2,CCO,Solvent,0.5,,O,Solvent,0.5,,,,,,-0.391,0.0055,,,,,,,10.1016/j.jct.2005.06.018,thr
1377,7726702917458722100,298.15,101.0,Liquid,2,CCO,Solvent,0.9,,O,Solvent,0.0999999999999999,,,,,,-0.148,0.0025,,,,,,,10.1016/j.jct.2005.06.018,thr
1378,-5439842096001622184,298.15,101.3,Liquid,2,CCO,Solvent,0.2383498131301668,,O,Solvent,0.7616501868698332,,,,,,,,,,0.9225500000000002,0.00196,,,10.1021/je020173z,thr
1379,-3267286697669483940,298.15,101.0,Liquid,2,CCO,Solvent,0.9,,O,Solvent,0.1,,,,,,,,,,0.7977000000000002,0.0015,,,10.1021/je800150h,thr
1380,802054875460439528,298.15,101.0,Liquid,2,CCO,Solvent,0.5,,O,Solvent,0.5,,,,,,,,,,0.8592000000000003,0.00165,,,10.1021/je800150h,thr
1402,9020728046616515042,298.15,101.325,Liquid,2,CCO,Solvent,0.2256,,CCOC(=O)[C@H](C)O,Solvent,0.7744,,,,,,,,,,1.0047250000000003,9.400000000000002e-05,,,10.1016/j.fluid.2005.02.015,thr
1403,5832905703294077502,298.15,101.325,Liquid,2,CCO,Solvent,0.5236,,CCOC(=O)[C@H](C)O,Solvent,0.4764,,,,,,,,,,0.9508940000000002,0.000143,,,10.1016/j.fluid.2005.02.015,thr
1404,6672159175167091217,298.15,101.325,Liquid,2,CCO,Solvent,0.7574,,CCOC(=O)[C@H](C)O,Solvent,0.2426,,,,,,,,,,0.8879710000000002,0.0001995,,,10.1016/j.fluid.2005.02.015,thr
1420,8256641952226903883,300.0,101.0,Liquid,2,CCO,Solvent,0.7499,,OC1CCCCC1,Solvent,0.2501,,,,,,0.1468,0.0017,,,,,,,10.1016/j.jct.2012.02.037,thr
1421,-2428347843466594493,300.0,101.0,Liquid,2,CCO,Solvent,0.4564,,OC1CCCCC1,Solvent,0.5436,,,,,,0.1772,0.00205,,,,,,,10.1016/j.jct.2012.02.037,thr
1422,3966639931356766643,300.0,101.0,Liquid,2,CCO,Solvent,0.2881,,OC1CCCCC1,Solvent,0.7119,,,,,,0.1454,0.0017,,,,,,,10.1016/j.jct.2012.02.037,thr
1517,-1325304928831628944,298.15,100.0,Liquid,2,CCO,Solvent,0.7006,,CCOC(=O)CC(C)=O,Solvent,0.2994,,,,,,1.4925,0.01605,,,,,,,10.1016/j.fluid.2008.03.012,thr
1518,1034183381156870499,298.15,100.0,Liquid,2,CCO,Solvent,0.5005,,CCOC(=O)CC(C)=O,Solvent,0.4995,,,,,,1.7079,0.0183,,,,,,,10.1016/j.fluid.2008.03.012,thr
1519,-6238684975690906849,298.15,100.0,Liquid,2,CCO,Solvent,0.2992,,CCOC(=O)CC(C)=O,Solvent,0.7008,,,,,,1.478,0.0159,,,,,,,10.1016/j.fluid.2008.03.012,thr
1520,-4263754618147165952,298.15,100.5,Liquid,2,CCO,Solvent,0.75,,CCOC(=O)CC(C)=O,Solvent,0.25,,,,,,,,,,0.8856300000000003,0.00017,,,10.1021/je050402s,thr
1521,-6271512975174012416,298.15,100.5,Liquid,2,CCO,Solvent,0.5,,CCOC(=O)CC(C)=O,Solvent,0.5,,,,,,,,,,0.9484700000000004,0.000155,,,10.1021/je050402s,thr
1522,4885160845930797317,298.15,100.5,Liquid,2,CCO,Solvent,0.25,,CCOC(=O)CC(C)=O,Solvent,0.75,,,,,,,,,,0.9917100000000004,0.00017,,,10.1021/je050402s,thr
1609,4561209400577519667,298.15,101.0,Liquid,2,CCO,Solvent,0.6995,,CN(C)CCO,Solvent,0.3005,,,,,,,,,,0.8345000000000002,0.000135,,,10.1016/j.tca.2014.03.038,thr
1610,1609882022515549894,298.15,101.0,Liquid,2,CCO,Solvent,0.4949,,CN(C)CCO,Solvent,0.5051,,,,,,,,,,0.8566200000000002,0.00015,,,10.1016/j.tca.2014.03.038,thr
1611,2803737414364162852,298.15,101.0,Liquid,2,CCO,Solvent,0.2914,,CN(C)CCO,Solvent,0.7086,,,,,,,,,,0.8710100000000002,0.000165,,,10.1016/j.tca.2014.03.038,thr
1612,4253799397614533497,298.2,100.0,Liquid,2,CCO,Solvent,0.7335,,CN(C)CCO,Solvent,0.2665,,,,,,-0.3657,0.004,,,,,,,10.1021/je800334m,thr
1613,-3357768453080897914,298.2,100.0,Liquid,2,CCO,Solvent,0.5084,,CN(C)CCO,Solvent,0.4916,,,,,,-0.4044,0.0044,,,,,,,10.1021/je800334m,thr
1614,-2875004064956187755,298.2,100.0,Liquid,2,CCO,Solvent,0.2685999999999999,,CN(C)CCO,Solvent,0.7314,,,,,,-0.2783,0.0031,,,,,,,10.1021/je800334m,thr
1723,-172655081270545037,293.15,100.0,Liquid,2,CCO,Solvent,0.2499,,OCCCO,Solvent,0.7501,,,,,,,,,,1.0030000000000003,0.00054,,,10.1016/j.tca.2016.09.005,thr
1724,-7515537166711059088,293.15,100.0,Liquid,2,CCO,Solvent,0.5004,,OCCCO,Solvent,0.4996,,,,,,,,,,0.9438200000000004,0.0005,,,10.1016/j.tca.2016.09.005,thr
1725,-2622020056395426828,293.15,100.0,Liquid,2,CCO,Solvent,0.7503,,OCCCO,Solvent,0.2497,,,,,,,,,,0.8739600000000003,0.00048,,,10.1016/j.tca.2016.09.005,thr
1786,3934709952369555674,298.15,101.0,Liquid,2,CCO,Solvent,0.7071000000000001,,CCOC(=O)OCC,Solvent,0.2929,,,,,,,,,,0.8695800000000002,0.000365,,,10.1016/j.tca.2014.06.031,thr
1787,5757155965943010270,298.15,101.0,Liquid,2,CCO,Solvent,0.5035000000000001,,CCOC(=O)OCC,Solvent,0.4965,,,,,,,,,,0.9078200000000004,0.000375,,,10.1016/j.tca.2014.06.031,thr
1788,3647478735234102751,298.15,101.0,Liquid,2,CCO,Solvent,0.2088999999999999,,CCOC(=O)OCC,Solvent,0.7911,,,,,,,,,,0.9475800000000004,0.000395,,,10.1016/j.tca.2014.06.031,thr
1789,-3326495990651596172,303.15,101.0,Liquid,2,CCO,Solvent,0.7561100000000001,,CCOC(=O)OCC,Solvent,0.24389,,,,,,1.1547,0.01235,,,,,,,10.1021/je1013476,thr
1790,8902838311566237103,303.15,101.0,Liquid,2,CCO,Solvent,0.49337,,CCOC(=O)OCC,Solvent,0.50663,,,,,,1.6536,0.01765,,,,,,,10.1021/je1013476,thr
1791,8664080276868544418,303.15,101.0,Liquid,2,CCO,Solvent,0.23372,,CCOC(=O)OCC,Solvent,0.76628,,,,,,1.4031,0.015,,,,,,,10.1021/je1013476,thr
1828,6070397625425297616,298.15,101.0,Liquid,2,CCO,Solvent,0.7024,,COc1ccccc1,Solvent,0.2976,,,,,,,,,,0.8785300000000001,0.001275,,,10.1016/j.jct.2006.03.018,thr
1829,-8259881673028787065,298.15,101.0,Liquid,2,CCO,Solvent,0.4992,,COc1ccccc1,Solvent,0.5008,,,,,,,,,,0.9204600000000004,0.00105,,,10.1016/j.jct.2006.03.018,thr
1830,-8845280224871111749,298.15,101.0,Liquid,2,CCO,Solvent,0.2065,,COc1ccccc1,Solvent,0.7935,,,,,,,,,,0.9646000000000002,0.000855,,,10.1016/j.jct.2006.03.018,thr
1921,8185589256992064258,298.15,101.0,Liquid,2,CC1CCCCC1,Solvent,0.2467,,CCO,Solvent,0.7533,,,,,,,,,,0.7735300000000002,0.00023,,,10.1016/j.jct.2005.04.019,thr
1922,-4376424376000595269,298.15,101.0,Liquid,2,CC1CCCCC1,Solvent,0.5061,,CCO,Solvent,0.4939,,,,,,,,,,0.7684000000000002,0.00385,,,10.1016/j.jct.2005.06.011,thr
1923,1509926668237866366,298.15,100.8,Liquid,2,CC1CCCCC1,Solvent,0.75,,CCO,Solvent,0.25,,,,,,,,,,0.7654000000000002,0.00015,,,10.1021/je050031f,thr
1988,3503550063278405837,298.15,101.0,Liquid,2,CCO,Solvent,0.7532,,OCCN1CCOCC1,Solvent,0.2468,,,,,,,,,,0.9077200000000002,0.000305,,,10.1016/j.jct.2007.11.010,thr
1989,-8803995856212061840,298.15,101.0,Liquid,2,CCO,Solvent,0.5118,,OCCN1CCOCC1,Solvent,0.4882,,,,,,,,,,0.9864000000000002,0.0002,,,10.1016/j.jct.2007.11.010,thr
1990,85933942498257866,298.15,101.0,Liquid,2,CCO,Solvent,0.2561,,OCCN1CCOCC1,Solvent,0.7439,,,,,,,,,,1.0405200000000003,0.00027,,,10.1016/j.jct.2007.11.010,thr
2035,1847632947588341493,298.15,101.0,Liquid,2,CC(C)CC(C)(C)C,Solvent,0.73596,,CCO,Solvent,0.26404,,,,,,,,,,0.6967900000000001,7.500000000000002e-05,,,10.1016/j.jct.2011.06.021,thr
2036,2941261269873500594,298.15,101.0,Liquid,2,CC(C)CC(C)(C)C,Solvent,0.4937399999999999,,CCO,Solvent,0.50626,,,,,,,,,,0.7110500000000001,7.500000000000002e-05,,,10.1016/j.jct.2011.06.021,thr
2037,-3018195345057448744,303.15,101.0,Liquid,2,CC(C)CC(C)(C)C,Solvent,0.7617,,CCO,Solvent,0.2383,,,,,,0.634022,0.006851,,,,,,,10.1021/je7005743,thr
2038,-241407450657597031,303.15,101.0,Liquid,2,CC(C)CC(C)(C)C,Solvent,0.5158,,CCO,Solvent,0.4842,,,,,,0.638973,0.006903,,,,,,,10.1021/je7005743,thr
2039,-8298176138401788640,303.15,101.0,Liquid,2,CC(C)CC(C)(C)C,Solvent,0.0815,,CCO,Solvent,0.9185,,,,,,0.197762,0.0022405,,,,,,,10.1021/je7005743,thr
2040,-6858688279999610702,303.15,101.0,Liquid,2,CC(C)CC(C)(C)C,Solvent,0.0824,,CCO,Solvent,0.9176,,,,,,,,,,0.7605800000000003,0.000125,,,10.1021/je9001416,thr
2041,5577700773700189863,298.15,101.0,Liquid,2,CCO,Solvent,0.75799,,Cc1ccccc1,Solvent,0.2420099999999999,,,,,,,,,,0.8147200000000002,5.5000000000000016e-05,,,10.1016/j.jct.2011.06.021,thr
2042,-1725825988514342241,298.15,101.32,Liquid,2,CCO,Solvent,0.2354,,Cc1ccccc1,Solvent,0.7646,,,,,,,,,,0.8509200000000001,0.000215,,,10.1016/j.jct.2005.05.004,thr
2043,7713953013322156093,298.15,101.3,Liquid,2,CCO,Solvent,0.4996,,Cc1ccccc1,Solvent,0.5004,,,,,,,,,,0.8357000000000002,0.00015,,,10.1016/j.fluid.2007.08.020,thr
2044,-2081217320189339593,298.15,100.0,Liquid,2,CCO,Solvent,0.8,,Cc1ccc(C(C)C)cc1,Solvent,0.2,,,,,,,,,,0.8123500000000002,0.000355,,,10.1016/j.jct.2017.03.027,thr
2045,4852343282006354019,298.15,100.0,Liquid,2,CCO,Solvent,0.4966,,Cc1ccc(C(C)C)cc1,Solvent,0.5034,,,,,,,,,,0.8341800000000001,0.000355,,,10.1016/j.jct.2017.03.027,thr
2046,-2852751157669818094,298.15,100.0,Liquid,2,CCO,Solvent,0.2983,,Cc1ccc(C(C)C)cc1,Solvent,0.7017,,,,,,,,,,0.8428600000000002,0.000355,,,10.1016/j.jct.2017.03.027,thr
2108,-8043816086128927336,298.15,101.3,Liquid,2,CCO,Solvent,0.7413000000000001,,OCCO,Solvent,0.2587,,,,,,0.35141,0.002255,,,,,,,10.1021/je030207i,thr
2109,3889050305597963749,298.15,101.3,Liquid,2,CCO,Solvent,0.4888,,OCCO,Solvent,0.5112,,,,,,0.39557,0.00248,,,,,,,10.1021/je030207i,thr
2110,-3494571471995477814,298.15,101.3,Liquid,2,CCO,Solvent,0.2419,,OCCO,Solvent,0.7581,,,,,,0.26367,0.00182,,,,,,,10.1021/je030207i,thr
2111,-4811405912853428456,298.15,101.0,Liquid,2,CCO,Solvent,0.6986,,OCCO,Solvent,0.3014,,,,,,,,,,0.8869180000000002,0.0001665,,,10.1021/je9010882,thr
2112,-6322853156961770729,298.15,101.0,Liquid,2,CCO,Solvent,0.5055700000000001,,OCCO,Solvent,0.49443,,,,,,,,,,0.9505260000000002,0.000128,,,10.1021/je9010882,thr
2113,5844196774703012404,298.15,101.0,Liquid,2,CCO,Solvent,0.25012,,OCCO,Solvent,0.74988,,,,,,,,,,1.0324020000000005,0.0001265,,,10.1021/je9010882,thr
2114,8146697514608823097,298.15,101.0,Liquid,2,CCO,Solvent,0.2967,,OCCOCCO,Solvent,0.7033,,,,,,0.193,0.0015,,,,,,,10.1016/j.tca.2009.06.004,thr
2115,7159059493578520390,298.15,101.0,Liquid,2,CCO,Solvent,0.4963,,OCCOCCO,Solvent,0.5037,,,,,,0.262,0.002,,,,,,,10.1016/j.tca.2009.06.004,thr
2116,-602919300299017205,298.15,101.0,Liquid,2,CCO,Solvent,0.7041,,OCCOCCO,Solvent,0.2959,,,,,,0.252,0.002,,,,,,,10.1016/j.tca.2009.06.004,thr
2288,2451866437596998973,298.15,101.0,Liquid,2,CCO,Solvent,0.2498,,COC(=O)OC,Solvent,0.7502,,,,,,,,,,1.0093400000000003,0.00011,,,10.1021/je060217u,thr
2289,1542586548258395218,298.15,101.0,Liquid,2,CCO,Solvent,0.5,,COC(=O)OC,Solvent,0.5,,,,,,,,,,0.9474000000000002,0.00016,,,10.1021/je060217u,thr
2290,-2197982590461790894,298.15,101.0,Liquid,2,CCO,Solvent,0.7499,,COC(=O)OC,Solvent,0.2501,,,,,,,,,,0.8741000000000002,0.000215,,,10.1021/je060217u,thr
2291,-2407369017637737902,313.15,100.0,Liquid,2,CCO,Solvent,0.2488,,COC(=O)OC,Solvent,0.7512,,,,,,1.54179,0.00636,,,,,,,10.1021/je050052+,thr
2292,8785560613535188986,313.15,100.0,Liquid,2,CCO,Solvent,0.6988,,COC(=O)OC,Solvent,0.3012,,,,,,1.68724,0.00692,,,,,,,10.1021/je050052+,thr
2293,-2590068653384317550,313.15,100.0,Liquid,2,CCO,Solvent,0.4992999999999999,,COC(=O)OC,Solvent,0.5007,,,,,,1.8681,0.00762,,,,,,,10.1021/je050052+,thr
2333,7458261497965647570,298.15,101.0,Liquid,2,CC1CCCC1,Solvent,0.2055,,CCO,Solvent,0.7945,,,,,,,,,,0.7671200000000001,0.00054,,,10.1016/j.jct.2005.12.010,thr
2334,6432451636668744826,298.15,101.0,Liquid,2,CC1CCCC1,Solvent,0.5007,,CCO,Solvent,0.4992999999999999,,,,,,,,,,0.7527900000000002,0.000715,,,10.1016/j.jct.2005.12.010,thr
2335,8467165782455927743,298.15,101.0,Liquid,2,CC1CCCC1,Solvent,0.7115,,CCO,Solvent,0.2885,,,,,,,,,,0.7464200000000001,0.00087,,,10.1016/j.jct.2005.12.010,thr
2479,-6957894212952079498,298.15,101.0,Liquid,2,CC(=O)OCC(C)C,Solvent,0.277,,CCO,Solvent,0.723,,,,,,,,,,0.8222000000000003,0.00015,,,10.1016/j.fluid.2012.06.013,thr
2480,6519295659142160979,298.15,101.0,Liquid,2,CC(=O)OCC(C)C,Solvent,0.44,,CCO,Solvent,0.56,,,,,,,,,,0.8363000000000002,0.00015,,,10.1016/j.fluid.2012.06.013,thr
2481,7402888211788731994,298.15,101.0,Liquid,2,CC(=O)OCC(C)C,Solvent,0.742,,CCO,Solvent,0.258,,,,,,,,,,0.8549000000000002,0.00015,,,10.1016/j.fluid.2012.06.013,thr
2548,7494940129100062127,308.15,101.0,Liquid,2,CCO,Solvent,0.2381,,c1ccccc1,Solvent,0.7619,,,,,,1.0031,0.0127,,,,,,,10.1016/j.fluid.2006.04.016,thr
2549,8272595647069629251,308.15,101.0,Liquid,2,CCO,Solvent,0.4799,,c1ccccc1,Solvent,0.5201,,,,,,0.9316,0.01185,,,,,,,10.1016/j.fluid.2006.04.016,thr
2550,268587206311872642,308.15,101.0,Liquid,2,CCO,Solvent,0.7447,,c1ccccc1,Solvent,0.2552999999999999,,,,,,0.5197,0.0068,,,,,,,10.1016/j.fluid.2006.04.016,thr
2551,8050494913721203979,298.15,101.325,Liquid,2,CCO,Solvent,0.2059,,c1ccccc1,Solvent,0.7941,,,,,,,,,,0.8598350000000002,0.0001165,,,10.1016/j.fluid.2005.10.022,thr
2552,-1767099658052253147,298.15,101.325,Liquid,2,CCO,Solvent,0.5,,c1ccccc1,Solvent,0.5,,,,,,,,,,0.8382990000000001,0.0001295,,,10.1016/j.fluid.2005.10.022,thr
2553,-2815751277445000636,298.15,101.325,Liquid,2,CCO,Solvent,0.7433,,c1ccccc1,Solvent,0.2567,,,,,,,,,,0.8160970000000002,0.00014,,,10.1016/j.fluid.2005.10.022,thr
2647,1057371882698805772,293.15,101.0,Liquid,2,CC(=O)OCCC(C)C,Solvent,0.2224,,CCO,Solvent,0.7776000000000001,,,,,,,,,,0.8238200000000002,7.500000000000002e-05,,,10.1016/j.jct.2010.12.009,thr
2648,-7499113519008530644,293.15,101.0,Liquid,2,CC(=O)OCCC(C)C,Solvent,0.524,,CCO,Solvent,0.476,,,,,,,,,,0.8499800000000002,8.000000000000002e-05,,,10.1016/j.jct.2010.12.009,thr
2649,5406486907484723293,293.15,101.0,Liquid,2,CC(=O)OCCC(C)C,Solvent,0.7774,,CCO,Solvent,0.2226,,,,,,,,,,0.8637600000000002,9.500000000000002e-05,,,10.1016/j.jct.2010.12.009,thr
3263,-7141317048782790469,298.15,101.325,Liquid,2,CCCCCC,Solvent,0.7574,,CCO,Solvent,0.2426,,,,,,0.5503,0.00855,,,,,,,10.1016/j.fluid.2005.08.001,thr
3264,1432575254914454613,298.15,101.325,Liquid,2,CCCCCC,Solvent,0.51,,CCO,Solvent,0.49,,,,,,0.5637,0.0088,,,,,,,10.1016/j.fluid.2005.08.001,thr
3265,1721048155655185963,298.15,101.325,Liquid,2,CCCCCC,Solvent,0.2875,,CCO,Solvent,0.7125,,,,,,0.4453,0.00695,,,,,,,10.1016/j.fluid.2005.08.001,thr
3266,2818870221808346195,298.15,101.0,Liquid,2,CCCCCC,Solvent,0.7996,,CCO,Solvent,0.2004,,,,,,,,,,0.6660000000000001,0.0004,,,10.1016/j.jct.2007.02.008,thr
3267,-2604006033073094726,298.15,101.0,Liquid,2,CCCCCC,Solvent,0.5001,,CCO,Solvent,0.4999,,,,,,,,,,0.6921000000000002,0.00035,,,10.1016/j.jct.2007.02.008,thr
3268,-5615911495812324577,298.15,101.0,Liquid,2,CCCCCC,Solvent,0.2007999999999999,,CCO,Solvent,0.7992,,,,,,,,,,0.7355000000000002,0.0003,,,10.1016/j.jct.2007.02.008,thr
3272,1517709303387508176,298.15,101.325,Liquid,2,CCN(CC)CC,Solvent,0.7458,,CCO,Solvent,0.2542,,,,,,-0.8229,0.01275,,,,,,,10.1016/j.fluid.2005.08.001,thr
3273,-1988539795672332055,298.15,101.325,Liquid,2,CCN(CC)CC,Solvent,0.4943999999999999,,CCO,Solvent,0.5056,,,,,,-1.3328,0.0206,,,,,,,10.1016/j.fluid.2005.08.001,thr
3274,4726048092132115420,298.15,101.325,Liquid,2,CCN(CC)CC,Solvent,0.2953,,CCO,Solvent,0.7047,,,,,,-1.3097,0.02025,,,,,,,10.1016/j.fluid.2005.08.001,thr
3278,6301641395249544647,298.15,101.0,Liquid,2,CCO,Solvent,0.8012,,COc1ccccc1O,Solvent,0.1988,,,,,,-0.37949,0.008565,,,,,,,10.1016/j.fluid.2017.09.008,thr
3279,8620341956766384962,298.15,101.0,Liquid,2,CCO,Solvent,0.6006,,COc1ccccc1O,Solvent,0.3994,,,,,,-0.5491,0.00571,,,,,,,10.1016/j.fluid.2017.09.008,thr
3280,-8717915264811167524,298.15,101.0,Liquid,2,CCO,Solvent,0.2217,,COc1ccccc1O,Solvent,0.7783,,,,,,-0.23777,0.00939,,,,,,,10.1016/j.fluid.2017.09.008,thr
3281,-1680028466686777469,298.15,101.0,Liquid,2,CCO,Solvent,0.8046,,Cc1ccccc1O,Solvent,0.1954,,,,,,-1.11203,0.019505,,,,,,,10.1016/j.fluid.2017.09.008,thr
3282,4022605733584082271,298.15,101.0,Liquid,2,CCO,Solvent,0.5872999999999999,,Cc1ccccc1O,Solvent,0.4127,,,,,,-1.62073,0.017555,,,,,,,10.1016/j.fluid.2017.09.008,thr
3283,-7375085548866512250,298.15,101.0,Liquid,2,CCO,Solvent,0.1987,,Cc1ccccc1O,Solvent,0.8013,,,,,,-0.94358,0.023465,,,,,,,10.1016/j.fluid.2017.09.008,thr
3284,1734104099552976285,303.15,100.0,Liquid,2,CCO,Solvent,0.2617,,Cc1ccccc1O,Solvent,0.7383,,,,,,,,,,0.9948200000000004,0.0006,,,10.1016/j.jct.2018.12.039,thr
3285,-5952948909984154915,303.15,100.0,Liquid,2,CCO,Solvent,0.4698,,Cc1ccccc1O,Solvent,0.5302,,,,,,,,,,0.9524700000000004,0.0006,,,10.1016/j.jct.2018.12.039,thr
3286,-9101050468149205852,303.15,100.0,Liquid,2,CCO,Solvent,0.7799,,Cc1ccccc1O,Solvent,0.2200999999999999,,,,,,,,,,0.8671900000000002,0.000605,,,10.1016/j.jct.2018.12.039,thr
3287,-5200739995120082731,298.15,101.0,Liquid,2,CCO,Solvent,0.7997,,Cc1cccc(O)c1,Solvent,0.2003,,,,,,-0.79199,0.011965,,,,,,,10.1016/j.fluid.2017.09.008,thr
3288,-1462920641006086455,298.15,101.0,Liquid,2,CCO,Solvent,0.4139,,Cc1cccc(O)c1,Solvent,0.5861,,,,,,-1.14624,0.00985,,,,,,,10.1016/j.fluid.2017.09.008,thr
3289,-10766748142871638,298.15,101.0,Liquid,2,CCO,Solvent,0.2125,,Cc1cccc(O)c1,Solvent,0.7875,,,,,,-0.68742,0.01275,,,,,,,10.1016/j.fluid.2017.09.008,thr
3290,4987419605785573405,303.15,100.0,Liquid,2,CCO,Solvent,0.2637,,Cc1cccc(O)c1,Solvent,0.7363,,,,,,,,,,0.9852300000000004,0.0006,,,10.1016/j.jct.2018.12.039,thr
3291,-3878781980124738173,303.15,100.0,Liquid,2,CCO,Solvent,0.4724,,Cc1cccc(O)c1,Solvent,0.5276000000000001,,,,,,,,,,0.9446300000000002,0.0006,,,10.1016/j.jct.2018.12.039,thr
3292,-6518119324282380712,303.15,100.0,Liquid,2,CCO,Solvent,0.7817,,Cc1cccc(O)c1,Solvent,0.2183,,,,,,,,,,0.8631500000000002,0.000605,,,10.1016/j.jct.2018.12.039,thr
3499,-6426286165415883960,298.0,101.0,Liquid,2,CCCCOC(C)(C)C,Solvent,0.2528,,CCO,Solvent,0.7472,,,,,,,,,,0.7739900000000002,0.0001,,,10.1016/j.tca.2005.04.030,thr
3500,1088378787920588727,298.0,101.0,Liquid,2,CCCCOC(C)(C)C,Solvent,0.4999,,CCO,Solvent,0.5001,,,,,,,,,,0.7673000000000001,9.000000000000002e-05,,,10.1016/j.tca.2005.04.030,thr
3501,-6120741329205301118,298.0,101.0,Liquid,2,CCCCOC(C)(C)C,Solvent,0.7441,,CCO,Solvent,0.2559,,,,,,,,,,0.7624500000000002,7.500000000000002e-05,,,10.1016/j.tca.2005.04.030,thr
3714,-4474241815996855878,303.15,101.3,Liquid,2,CCO,Solvent,0.8072118717138856,,O=C(O)CCCC(=O)O,Solvent,0.1927881282861143,,,,,,,,,,0.9994000000000002,0.0015,,,10.1016/j.jct.2016.12.010,thr
3870,-4664304197730198496,298.15,100.0,Liquid,2,CCO,Solvent,0.25,,CCOC(C)=O,Solvent,0.75,,,,,,1.048,0.0265,,,,,,,10.1021/je200595b,thr
3871,-7135920737445322236,298.15,100.0,Liquid,2,CCO,Solvent,0.75,,CCOC(C)=O,Solvent,0.25,,,,,,0.859,0.0215,,,,,,,10.1021/je200595b,thr
3872,-8441962499772269900,298.15,100.0,Liquid,2,CCO,Solvent,0.5,,CCOC(C)=O,Solvent,0.5,,,,,,1.238,0.0315,,,,,,,10.1021/je200595b,thr
3873,-6248887617579334809,298.15,101.3,Liquid,2,CCO,Solvent,0.7163999999999999,,CCOC(C)=O,Solvent,0.2836,,,,,,,,,,0.8272700000000002,0.000395,,,10.1021/je800899w,thr
3874,-1067586390982832978,298.15,101.3,Liquid,2,CCO,Solvent,0.4986,,CCOC(C)=O,Solvent,0.5014,,,,,,,,,,0.8520500000000002,0.00036,,,10.1021/je800899w,thr
3875,-5447577053089360280,298.15,101.3,Liquid,2,CCO,Solvent,0.2070999999999999,,CCOC(C)=O,Solvent,0.7929,,,,,,,,,,0.8785100000000002,0.000315,,,10.1021/je800899w,thr
3876,-1563699188819665175,298.15,101.0,Liquid,2,CCO,Solvent,0.1998,,COC(C)=O,Solvent,0.8002,,,,,,,,,,0.9035400000000002,0.000195,,,10.1016/j.jct.2007.05.004,thr
3877,-1640833778335558641,298.15,101.0,Liquid,2,CCO,Solvent,0.4863,,COC(C)=O,Solvent,0.5137,,,,,,,,,,0.8665900000000002,0.0002,,,10.1016/j.jct.2007.05.004,thr
3878,-8219073464389030400,298.15,101.0,Liquid,2,CCO,Solvent,0.7986,,COC(C)=O,Solvent,0.2014,,,,,,,,,,0.8198900000000002,0.000215,,,10.1016/j.jct.2007.05.004,thr
3951,4574872923144373517,303.15,101.0,Liquid,2,CCO,Solvent,0.7846,,CS(C)=O,Solvent,0.2154,,,,,,0.455,0.003,,,,,,,10.1016/j.tca.2006.10.025,thr
3952,6025339164240868830,303.15,101.0,Liquid,2,CCO,Solvent,0.5484,,CS(C)=O,Solvent,0.4516,,,,,,0.489,0.003,,,,,,,10.1016/j.tca.2006.10.025,thr
3953,-7586112655833418247,303.15,101.0,Liquid,2,CCO,Solvent,0.2329,,CS(C)=O,Solvent,0.7671,,,,,,0.273,0.002,,,,,,,10.1016/j.tca.2006.10.025,thr
3954,5191905275069569269,303.15,101.0,Liquid,2,CCO,Solvent,0.7006,,CS(C)=O,Solvent,0.2994,,,,,,,,,,0.9024000000000002,0.00115,,,10.1016/j.jct.2006.10.016,thr
3955,-955495512232185786,303.15,101.0,Liquid,2,CCO,Solvent,0.5005,,CS(C)=O,Solvent,0.4995,,,,,,,,,,0.9633000000000002,0.00125,,,10.1016/j.jct.2006.10.016,thr
3956,-5957331755003648076,303.15,101.0,Liquid,2,CCO,Solvent,0.2987999999999999,,CS(C)=O,Solvent,0.7012,,,,,,,,,,1.0184000000000002,0.00135,,,10.1016/j.jct.2006.10.016,thr
3981,8312989006910176882,293.15,100.0,Liquid,2,CCO,Solvent,0.75,,O=Cc1ccco1,Solvent,0.25,,,,,,,,,,0.9149100000000002,0.000255,,,10.1016/j.tca.2014.11.009,thr
3982,-5543488483703203097,293.15,100.0,Liquid,2,CCO,Solvent,0.5499,,O=Cc1ccco1,Solvent,0.4501,,,,,,,,,,0.9973500000000004,0.000215,,,10.1016/j.tca.2014.11.009,thr
3983,6014554599212246164,293.15,100.0,Liquid,2,CCO,Solvent,0.2502,,O=Cc1ccco1,Solvent,0.7498,,,,,,,,,,1.0952600000000003,0.00021,,,10.1016/j.tca.2014.11.009,thr
4058,6610615936999753928,298.15,101.0,Liquid,2,CCO,Solvent,0.6999299999999999,,CN1CCN(C)C1=O,Solvent,0.30007,,,,,,,,,,0.9074100000000002,0.000145,,,10.1016/j.jct.2006.09.017,thr
4059,4926021811453639612,298.15,101.0,Liquid,2,CCO,Solvent,0.50037,,CN1CCN(C)C1=O,Solvent,0.49963,,,,,,,,,,0.9623600000000002,0.00011,,,10.1016/j.jct.2006.09.017,thr
4060,3673629863477771541,298.15,101.0,Liquid,2,CCO,Solvent,0.19998,,CN1CCN(C)C1=O,Solvent,0.80002,,,,,,,,,,1.0221900000000004,8.500000000000002e-05,,,10.1016/j.jct.2006.09.017,thr
4115,-8398480149151188506,308.15,101.0,Liquid,2,CCO,Solvent,0.7232000000000001,,OC1=NCCC1,Solvent,0.2768,,,,,,0.6228,0.00675,,,,,,,10.1016/j.tca.2009.03.014,thr
4116,-2942656267204719519,308.15,101.0,Liquid,2,CCO,Solvent,0.4663,,OC1=NCCC1,Solvent,0.5337,,,,,,0.4942,0.00535,,,,,,,10.1016/j.tca.2009.03.014,thr
4117,3948079519981174857,308.15,101.0,Liquid,2,CCO,Solvent,0.2460999999999999,,OC1=NCCC1,Solvent,0.7539,,,,,,0.2714,0.003,,,,,,,10.1016/j.tca.2009.03.014,thr
4159,8518189507435613505,298.15,101.0,Liquid,2,CCCCCCC,Solvent,0.502,,CCO,Solvent,0.498,,,,,,,,,,0.7062000000000002,0.00035,,,10.1016/j.jct.2007.02.008,thr
4160,5078036227066143059,298.15,101.0,Liquid,2,CCCCCCC,Solvent,0.1997999999999999,,CCO,Solvent,0.8002,,,,,,,,,,0.7410000000000002,0.0003,,,10.1016/j.jct.2007.02.008,thr
4161,2957714075005987838,298.17,101.0,Liquid,2,CCCCCCC,Solvent,0.7957,,CCO,Solvent,0.2043,,,,,,,,,,0.6875000000000001,0.00032,,,10.1016/j.jct.2004.12.002,thr
4162,4115238338712831102,298.15,101.0,Liquid,2,CCC(C)=O,Solvent,0.4988,,CCO,Solvent,0.5012,,,,,,,,,,0.7947000000000002,0.0003,,,10.1016/j.jct.2007.02.008,thr
4163,3157251159075555775,298.15,100.8,Liquid,2,CCC(C)=O,Solvent,0.75,,CCO,Solvent,0.25,,,,,,,,,,0.7974000000000002,0.00015,,,10.1021/je049655w,thr
4164,-5459594585902505776,298.15,100.8,Liquid,2,CCC(C)=O,Solvent,0.25,,CCO,Solvent,0.75,,,,,,,,,,0.7909000000000002,0.00015,,,10.1021/je049655w,thr
4234,-8690246990993093645,303.15,100.0,Liquid,2,CCO,Solvent,0.2624,,Cc1ccc(O)cc1,Solvent,0.7376,,,,,,,,,,0.9859300000000002,0.0006,,,10.1016/j.jct.2018.12.039,tyr
4235,1270213352698356218,303.15,100.0,Liquid,2,CCO,Solvent,0.4707,,Cc1ccc(O)cc1,Solvent,0.5293,,,,,,,,,,0.9452300000000002,0.0006,,,10.1016/j.jct.2018.12.039,tyr
4236,-7801510855465254103,303.15,100.0,Liquid,2,CCO,Solvent,0.7805,,Cc1ccc(O)cc1,Solvent,0.2195,,,,,,,,,,0.8634700000000002,0.000605,,,10.1016/j.jct.2018.12.039,tyr
4237,1512895485446018892,298.15,101.33,Liquid,2,CCO,Solvent,0.4984,,ClC(Cl)Cl,Solvent,0.5016,,,,,,,,,,1.1900750000000004,0.0002265,,,10.1016/j.fluid.2006.11.005,thr
4238,2343336957783896945,298.15,101.0,Liquid,2,CCO,Solvent,0.7495,,ClC(Cl)Cl,Solvent,0.2505,,,,,,,,,,1.0082400000000002,0.0003,,,10.1016/j.jct.2006.03.010,thr
4239,-4618739305729083454,298.15,101.0,Liquid,2,CCO,Solvent,0.2503999999999999,,ClC(Cl)Cl,Solvent,0.7496,,,,,,,,,,1.3427900000000004,0.00049,,,10.1016/j.jct.2006.03.010,thr
4347,-3034026756972624994,298.15,101.0,Liquid,2,CC(C)NC(C)C,Solvent,0.2386,,CCO,Solvent,0.7614,,,,,,,,,,0.7745600000000001,0.00012,,,10.1016/j.tca.2011.05.006,thr
4348,2283998262309354982,298.15,101.0,Liquid,2,CC(C)NC(C)C,Solvent,0.5532,,CCO,Solvent,0.4468,,,,,,,,,,0.7523700000000002,0.00012,,,10.1016/j.tca.2011.05.006,thr
4349,-6919770347926213844,298.15,101.0,Liquid,2,CC(C)NC(C)C,Solvent,0.7395,,CCO,Solvent,0.2604999999999999,,,,,,,,,,0.7377000000000002,0.00012,,,10.1016/j.tca.2011.05.006,thr
4365,8146081553248804173,298.15,101.325,Liquid,2,CCO,Solvent,0.3003,,CN1CCNCC1,Solvent,0.6997,,,,,,,,,,0.8877500000000003,0.000195,,,10.1016/j.fluid.2005.05.012,thr
4366,-7028360164193065427,298.15,101.325,Liquid,2,CCO,Solvent,0.5004,,CN1CCNCC1,Solvent,0.4996,,,,,,,,,,0.8745600000000001,0.00021,,,10.1016/j.fluid.2005.05.012,thr
4367,-4916041537529035194,298.15,101.325,Liquid,2,CCO,Solvent,0.7011,,CN1CCNCC1,Solvent,0.2989,,,,,,,,,,0.8531400000000002,0.000235,,,10.1016/j.fluid.2005.05.012,thr
4506,-6269256996017782252,298.15,101.32,Liquid,2,CCI,Solvent,0.7698,,CCO,Solvent,0.2302,,,,,,,,,,1.7127000000000006,0.00043,,,10.1016/j.jct.2005.05.004,thr
4507,8404562715946981173,298.15,101.32,Liquid,2,CCI,Solvent,0.5111,,CCO,Solvent,0.4889,,,,,,,,,,1.4471200000000002,0.00043,,,10.1016/j.jct.2005.05.004,thr
4508,6870636726946544813,298.15,101.32,Liquid,2,CCI,Solvent,0.2065,,CCO,Solvent,0.7935,,,,,,,,,,1.0788000000000002,0.000455,,,10.1016/j.jct.2005.05.004,thr
4515,-5594751273226958430,298.15,101.325,Liquid,2,CCO,Solvent,0.2987,,Clc1ccccc1,Solvent,0.7013,,,,,,,,,,1.040328,8.050000000000002e-05,,,10.1016/j.fluid.2005.10.022,thr
4516,-7618469763599383425,298.15,101.325,Liquid,2,CCO,Solvent,0.4999,,Clc1ccccc1,Solvent,0.5001,,,,,,,,,,0.9888020000000004,9.550000000000004e-05,,,10.1016/j.fluid.2005.10.022,thr
4517,2262324889262397739,298.15,101.325,Liquid,2,CCO,Solvent,0.7229,,Clc1ccccc1,Solvent,0.2771,,,,,,,,,,0.9155750000000002,0.000109,,,10.1016/j.fluid.2005.10.022,thr
4521,4066715356879452858,298.15,101.0,Liquid,2,CCCCOP(=O)(OCCCC)OCCCC,Solvent,0.2419,,CCO,Solvent,0.7581,,,,,,0.14333,0.009735,,,,,,,10.1016/j.jct.2006.08.001,thr
4522,-3801021878178452710,298.15,101.0,Liquid,2,CCCCOP(=O)(OCCCC)OCCCC,Solvent,0.4593,,CCO,Solvent,0.5407,,,,,,0.10429,0.00817,,,,,,,10.1016/j.jct.2006.08.001,thr
4523,18412127789532614,298.15,101.0,Liquid,2,CCCCOP(=O)(OCCCC)OCCCC,Solvent,0.7236,,CCO,Solvent,0.2764,,,,,,0.01675,0.00467,,,,,,,10.1016/j.jct.2006.08.001,thr
4533,-7241643973300732029,298.15,100.0,Liquid,2,CCO,Solvent,0.7557,,NCCO,Solvent,0.2443,,,,,,,,,,0.8492000000000003,0.003215,,,10.1016/j.jct.2019.01.025,thr
4534,-7099722771716767868,298.15,100.0,Liquid,2,CCO,Solvent,0.4691999999999999,,NCCO,Solvent,0.5308,,,,,,,,,,0.9179000000000002,0.002985,,,10.1016/j.jct.2019.01.025,thr
4535,-556116205604943339,298.15,100.0,Liquid,2,CCO,Solvent,0.2489,,NCCO,Solvent,0.7511,,,,,,,,,,0.9646200000000004,0.002855,,,10.1016/j.jct.2019.01.025,thr
4596,2932782129916463061,303.15,100.0,Liquid,2,CCO,Solvent,0.7046,,CCOC(=O)C(C)C,Solvent,0.2954,,,,,,,,,,0.8180400000000002,0.00011,,,10.1016/j.jct.2019.105884,thr
4597,-1735567458895637098,303.15,100.0,Liquid,2,CCO,Solvent,0.5036,,CCOC(=O)C(C)C,Solvent,0.4964,,,,,,,,,,0.8336400000000002,0.00011,,,10.1016/j.jct.2019.105884,thr
4598,1606380127944341734,303.15,100.0,Liquid,2,CCO,Solvent,0.2005,,CCOC(=O)C(C)C,Solvent,0.7995,,,,,,,,,,0.8500400000000001,0.00011,,,10.1016/j.jct.2019.105884,thr
4599,-6340883951450231804,303.15,100.0,Liquid,2,CCO,Solvent,0.7090000000000001,,CCOC(=O)C(C)C,Solvent,0.291,,,,,,0.905,0.006,,,,,,,10.1016/j.jct.2019.105884,thr
4600,8487630765330912340,303.15,100.0,Liquid,2,CCO,Solvent,0.509,,CCOC(=O)C(C)C,Solvent,0.491,,,,,,1.172,0.0075,,,,,,,10.1016/j.jct.2019.105884,thr
4601,4515482270970470704,303.15,100.0,Liquid,2,CCO,Solvent,0.2039999999999999,,CCOC(=O)C(C)C,Solvent,0.796,,,,,,0.931,0.0065,,,,,,,10.1016/j.jct.2019.105884,thr
4699,384976916304742233,298.15,101.3,Liquid,2,CCO,Solvent,0.7545999999999999,,FC(F)(F)c1ccccc1,Solvent,0.2454,,,,,,,,,,0.9458000000000002,0.00015,,,10.1016/j.jct.2006.09.006,thr
4700,6997303136868622005,298.15,101.3,Liquid,2,CCO,Solvent,0.4978,,FC(F)(F)c1ccccc1,Solvent,0.5022,,,,,,,,,,1.0528000000000002,0.00015,,,10.1016/j.jct.2006.09.006,thr
4701,-8390210684031128856,298.15,101.3,Liquid,2,CCO,Solvent,0.2114,,FC(F)(F)c1ccccc1,Solvent,0.7886,,,,,,,,,,1.1349000000000005,0.0002,,,10.1016/j.jct.2006.09.006,thr
4702,-1514423282761905763,298.15,101.3,Liquid,2,CC(C)OC(C)C,Solvent,0.4811,,CCO,Solvent,0.5188999999999999,,,,,,,,,,0.7460000000000002,0.0003,,,10.1016/j.jct.2006.09.006,thr
4703,6908688789064506903,298.15,101.3,Liquid,2,CC(C)OC(C)C,Solvent,0.7432,,CCO,Solvent,0.2568,,,,,,,,,,0.7317000000000002,0.0003,,,10.1016/j.jct.2006.09.006,thr
4704,-2336377042967427307,303.15,101.0,Liquid,2,CC(C)OC(C)C,Solvent,0.2516,,CCO,Solvent,0.7484,,,,,,0.201984,0.0022845,,,,,,,10.1021/je9001416,thr
4705,-8184405553110247158,303.15,101.0,Liquid,2,CC(C)OC(C)C,Solvent,0.4894,,CCO,Solvent,0.5105999999999999,,,,,,0.400777,0.0043815,,,,,,,10.1021/je9001416,thr
4706,-1651972900450697789,303.15,101.0,Liquid,2,CC(C)OC(C)C,Solvent,0.7871,,CCO,Solvent,0.2128999999999999,,,,,,0.441139,0.0048085,,,,,,,10.1021/je9001416,thr
4707,-5738970689944369549,298.15,100.8,Liquid,2,CC(C)OC(C)C,Solvent,0.25,,CCO,Solvent,0.75,,,,,,,,,,0.7614000000000002,0.00015,,,10.1021/je050031f,thr
4771,-7693472562037768094,298.15,101.0,Liquid,2,CCC#N,Solvent,0.7514000000000001,,CCO,Solvent,0.2486,,,,,,,,,,0.7776000000000002,0.0002,,,10.1016/j.jct.2005.05.007,thr
4772,-5397883859464721527,298.15,101.0,Liquid,2,CCC#N,Solvent,0.4999,,CCO,Solvent,0.5001,,,,,,,,,,0.7800000000000001,0.0002,,,10.1016/j.jct.2005.05.007,thr
4773,8575645646454264649,298.15,101.0,Liquid,2,CCC#N,Solvent,0.2583999999999999,,CCO,Solvent,0.7416,,,,,,,,,,0.7827000000000003,0.0002,,,10.1016/j.jct.2005.05.007,thr
4867,1101081900848744992,298.15,101.0,Liquid,2,CC1(C)C(=O)[C@@]2(C)CC[C@@H]1C2,Solvent,0.2398,,CCO,Solvent,0.7602,,,,,,0.7953,0.00605,,,,,,,10.1016/j.jct.2010.12.004,thr
4868,-5741068804591177715,298.15,101.0,Liquid,2,CC1(C)C(=O)[C@@]2(C)CC[C@@H]1C2,Solvent,0.5103,,CCO,Solvent,0.4897,,,,,,1.118,0.007,,,,,,,10.1016/j.jct.2010.12.004,thr
4869,8411642268194205394,298.15,101.0,Liquid,2,CC1(C)C(=O)[C@@]2(C)CC[C@@H]1C2,Solvent,0.7501,,CCO,Solvent,0.2499,,,,,,0.9328,0.00635,,,,,,,10.1016/j.jct.2010.12.004,thr
4882,4310033184363598317,298.15,101.325,Liquid,2,CCO,Solvent,0.7293000000000001,,O=Cc1ccccc1,Solvent,0.2707,,,,,,1.1657,0.005,,,,,,,10.1016/j.jct.2011.05.014,thr
4883,-4124038169208546145,298.15,101.325,Liquid,2,CCO,Solvent,0.4595,,O=Cc1ccccc1,Solvent,0.5405,,,,,,1.28,0.00535,,,,,,,10.1016/j.jct.2011.05.014,thr
4884,-2116036423658899238,298.15,101.325,Liquid,2,CCO,Solvent,0.2286,,O=Cc1ccccc1,Solvent,0.7714,,,,,,0.913,0.00415,,,,,,,10.1016/j.jct.2011.05.014,thr
4918,3144577604329062640,298.15,101.0,Liquid,2,CCO,Solvent,0.7983,,Cc1cc(C)cc(C)c1,Solvent,0.2017,,,,,,,,,,0.8132400000000002,6.0000000000000015e-05,,,10.1016/j.jct.2005.10.022,thr
4919,-1662951006364562919,298.15,101.0,Liquid,2,CCO,Solvent,0.5045,,Cc1cc(C)cc(C)c1,Solvent,0.4955,,,,,,,,,,0.8371700000000002,7.000000000000002e-05,,,10.1016/j.jct.2005.10.022,thr
4920,4115715065403199721,298.15,101.0,Liquid,2,CCO,Solvent,0.2036,,Cc1cc(C)cc(C)c1,Solvent,0.7964,,,,,,,,,,0.8523200000000003,9.000000000000002e-05,,,10.1016/j.jct.2005.10.022,thr
5238,496539592167132908,298.15,101.0,Liquid,2,CCO,Solvent,0.7008099999999999,,OCC(F)(F)F,Solvent,0.29919,,,,,,-0.6289,0.00285,,,,,,,10.1016/j.tca.2007.04.012,thr
5239,4661534216353979911,298.15,101.0,Liquid,2,CCO,Solvent,0.49615,,OCC(F)(F)F,Solvent,0.50385,,,,,,-0.6569,0.003,,,,,,,10.1016/j.tca.2007.04.012,thr
5240,-6681689688441924,298.15,101.0,Liquid,2,CCO,Solvent,0.20362,,OCC(F)(F)F,Solvent,0.79638,,,,,,-0.3529,0.00175,,,,,,,10.1016/j.tca.2007.04.012,thr
5241,4165252714638980216,298.15,101.0,Liquid,2,CCO,Solvent,0.69992,,OCC(F)(F)F,Solvent,0.30008,,,,,,,,,,0.9813600000000002,9.500000000000002e-05,,,10.1016/j.tca.2007.04.012,thr
5242,-6418800418765094994,298.15,101.0,Liquid,2,CCO,Solvent,0.49973,,OCC(F)(F)F,Solvent,0.50027,,,,,,,,,,1.1016,0.000155,,,10.1016/j.tca.2007.04.012,thr
5243,8171215614570655278,298.15,101.0,Liquid,2,CCO,Solvent,0.21492,,OCC(F)(F)F,Solvent,0.78508,,,,,,,,,,1.2641500000000003,0.000105,,,10.1016/j.tca.2007.04.012,thr
5280,3532505950768624466,298.15,101.0,Liquid,2,CCO,Solvent,0.7529,,COC(C)(C)C,Solvent,0.2471,,,,,,,,,,0.7694600000000003,0.000115,,,10.1016/j.jct.2011.02.018,thr
5281,-8030723262958519680,298.15,101.0,Liquid,2,CCO,Solvent,0.4992999999999999,,COC(C)(C)C,Solvent,0.5007,,,,,,,,,,0.7560800000000002,0.00012,,,10.1016/j.jct.2011.02.018,thr
5282,-9095537566669014357,298.15,101.0,Liquid,2,CCO,Solvent,0.251,,COC(C)(C)C,Solvent,0.749,,,,,,,,,,0.7453000000000002,0.00012,,,10.1016/j.jct.2011.02.018,thr
5476,-6542395649575535234,298.15,101.0,Liquid,2,C1CCCCC1,Solvent,0.2043,,CCO,Solvent,0.7957,,,,,,,,,,0.7768700000000002,0.00024,,,10.1016/j.jct.2006.06.008,thr
5477,-3968703329460224578,298.15,101.0,Liquid,2,C1CCCCC1,Solvent,0.5027,,CCO,Solvent,0.4972999999999999,,,,,,,,,,0.7727300000000003,0.000245,,,10.1016/j.jct.2006.06.008,thr
5478,87735513022291539,298.15,101.0,Liquid,2,C1CCCCC1,Solvent,0.7051,,CCO,Solvent,0.2949,,,,,,,,,,0.7720300000000001,0.000245,,,10.1016/j.jct.2006.06.008,thr
5479,3873511866492770338,298.15,101.0,Liquid,2,C1CCCC1,Solvent,0.2926,,CCO,Solvent,0.7074,,,,,,,,,,0.7635500000000002,0.00026,,,10.1016/j.jct.2006.06.008,thr
5480,4959638133226213598,298.15,101.0,Liquid,2,C1CCCC1,Solvent,0.489,,CCO,Solvent,0.511,,,,,,,,,,0.7539400000000003,0.000275,,,10.1016/j.jct.2006.06.008,thr
5481,-2747749805846517312,298.15,101.0,Liquid,2,C1CCCC1,Solvent,0.7012,,CCO,Solvent,0.2987999999999999,,,,,,,,,,0.7462800000000002,0.000295,,,10.1016/j.jct.2006.06.008,thr
5512,-3749228101170749502,298.15,101.0,Liquid,2,CC12CCC(CC1)C(C)(C)O2,Solvent,0.2075,,CCO,Solvent,0.7925,,,,,,,,,,0.8479500000000002,6.500000000000002e-05,,,10.1016/j.jct.2009.08.016,thr
5513,-6002012659409873001,298.15,101.0,Liquid,2,CC12CCC(CC1)C(C)(C)O2,Solvent,0.502,,CCO,Solvent,0.498,,,,,,,,,,0.8906400000000002,7.000000000000002e-05,,,10.1016/j.jct.2009.08.016,thr
5514,1935324548076312573,298.15,101.0,Liquid,2,CC12CCC(CC1)C(C)(C)O2,Solvent,0.6969,,CCO,Solvent,0.3031,,,,,,,,,,0.9062700000000002,8.500000000000002e-05,,,10.1016/j.jct.2009.08.016,thr
5554,9145536337259903133,298.15,101.0,Liquid,2,CC1(C)C(=O)[C@]2(C)CC[C@H]1C2,Solvent,0.286,,CCO,Solvent,0.714,,,,,,0.876,0.0265,,,,,,,10.1016/j.jct.2013.09.024,thr
5555,-8949845248743987407,298.15,101.0,Liquid,2,CC1(C)C(=O)[C@]2(C)CC[C@H]1C2,Solvent,0.488,,CCO,Solvent,0.512,,,,,,1.109,0.0335,,,,,,,10.1016/j.jct.2013.09.024,thr
5556,-3973548455895822781,298.15,101.0,Liquid,2,CC1(C)C(=O)[C@]2(C)CC[C@H]1C2,Solvent,0.701,,CCO,Solvent,0.299,,,,,,1.0,0.0305,,,,,,,10.1016/j.jct.2013.09.024,thr
5557,4257265123679556336,298.15,101.0,Liquid,2,CC1(C)C(=O)[C@]2(C)CC[C@H]1C2,Solvent,0.2002,,CCO,Solvent,0.7998000000000001,,,,,,,,,,0.8499000000000002,6.500000000000002e-05,,,10.1016/j.jct.2013.09.024,thr
5558,6434043182768049821,298.15,101.0,Liquid,2,CC1(C)C(=O)[C@]2(C)CC[C@H]1C2,Solvent,0.5012,,CCO,Solvent,0.4988,,,,,,,,,,0.9005900000000002,5.5000000000000016e-05,,,10.1016/j.jct.2013.09.024,thr
5559,-9219767226751833284,298.15,101.0,Liquid,2,CC1(C)C(=O)[C@]2(C)CC[C@H]1C2,Solvent,0.7897,,CCO,Solvent,0.2103,,,,,,,,,,0.9274800000000002,6.0000000000000015e-05,,,10.1016/j.jct.2013.09.024,thr
5649,7001388755066886287,298.15,101.3,Liquid,2,CCO,Solvent,0.802,,CCOC(C)(C)C,Solvent,0.198,,,,,,,,,,0.7715470000000002,0.0004975,,,10.1016/j.jct.2007.05.005,thr
5650,-6823001849728876818,298.15,101.3,Liquid,2,CCO,Solvent,0.496,,CCOC(C)(C)C,Solvent,0.504,,,,,,,,,,0.7553250000000002,0.000522,,,10.1016/j.jct.2007.05.005,thr
5651,9110065761434853089,298.15,101.3,Liquid,2,CCO,Solvent,0.1979999999999999,,CCOC(C)(C)C,Solvent,0.802,,,,,,,,,,0.7433390000000002,0.00054,,,10.1016/j.jct.2007.05.005,thr
5720,6499314846902301101,293.15,100.0,Liquid,2,CCO,Solvent,0.7501,,OCc1ccco1,Solvent,0.2499,,,,,,,,,,0.9095500000000002,0.000485,,,10.1016/j.tca.2015.04.032,thr
5721,4641138587745993971,293.15,100.0,Liquid,2,CCO,Solvent,0.4999,,OCc1ccco1,Solvent,0.5001,,,,,,,,,,1.0016300000000002,0.00048,,,10.1016/j.tca.2015.04.032,thr
5722,-3563868135798428011,293.15,100.0,Liquid,2,CCO,Solvent,0.2492999999999999,,OCc1ccco1,Solvent,0.7507,,,,,,,,,,1.0741900000000002,0.000485,,,10.1016/j.tca.2015.04.032,thr
5747,4354247917978181915,298.15,101.3,Liquid,2,CCCCCCCC,Solvent,0.2616,,CCO,Solvent,0.7384,,,,,,,,,,0.7429400000000003,0.00136,,,10.1021/je034053i,thr
5748,1581781316647399731,298.15,101.3,Liquid,2,CCCCCCCC,Solvent,0.5175,,CCO,Solvent,0.4825,,,,,,,,,,0.7211300000000002,0.00145,,,10.1021/je034053i,thr
5749,-6121044657378763363,298.15,101.3,Liquid,2,CCCCCCCC,Solvent,0.7226,,CCO,Solvent,0.2774,,,,,,,,,,0.7088000000000001,0.0015,,,10.1021/je034053i,thr
5920,-3280754947558351131,298.15,101.0,Liquid,2,CCO,Solvent,0.7525999999999999,,CN(CCO)CCO,Solvent,0.2474,,,,,,,,,,0.9071800000000002,0.000725,,,10.1021/je700245a,thr
5921,4058439906432146405,298.15,101.0,Liquid,2,CCO,Solvent,0.5194,,CN(CCO)CCO,Solvent,0.4806,,,,,,,,,,0.9682800000000004,0.000555,,,10.1021/je700245a,thr
5922,1059142752337644618,298.15,101.0,Liquid,2,CCO,Solvent,0.2084,,CN(CCO)CCO,Solvent,0.7916,,,,,,,,,,1.0153,0.0005,,,10.1021/je700245a,thr
5929,2936891430736851861,298.15,101.3,Liquid,2,CC(=O)CC(C)C,Solvent,0.2369,,CCO,Solvent,0.7631,,,,,,0.7082,0.0081,,,,,,,10.1016/j.tca.2004.09.012,thr
5930,-7273265939612159695,298.15,101.3,Liquid,2,CC(=O)CC(C)C,Solvent,0.5,,CCO,Solvent,0.5,,,,,,1.1663,0.01265,,,,,,,10.1016/j.tca.2004.09.012,thr
5931,-1763106912018490427,298.15,101.3,Liquid,2,CC(=O)CC(C)C,Solvent,0.7954,,CCO,Solvent,0.2046,,,,,,0.9703,0.0107,,,,,,,10.1016/j.tca.2004.09.012,thr
6037,-7475174979209118157,303.15,101.0,Liquid,2,C=COCCC,Solvent,0.2564,,CCO,Solvent,0.7436,,,,,,0.539035,0.0058445,,,,,,,10.1021/je7005743,thr
6038,3770170356722495071,303.15,101.0,Liquid,2,C=COCCC,Solvent,0.4899,,CCO,Solvent,0.5101,,,,,,0.874179,0.009396,,,,,,,10.1021/je7005743,thr
6039,-5877240654880934945,303.15,101.0,Liquid,2,C=COCCC,Solvent,0.7456,,CCO,Solvent,0.2543999999999999,,,,,,0.950529,0.010205,,,,,,,10.1021/je7005743,thr
6040,1553431072396089449,293.15,101.0,Liquid,2,C=COCCC,Solvent,0.2002,,CCO,Solvent,0.7998000000000001,,,,,,,,,,0.7833700000000002,0.00012,,,10.1021/je700094y,thr
6041,-6669461278718065596,293.15,101.0,Liquid,2,C=COCCC,Solvent,0.5006,,CCO,Solvent,0.4993999999999999,,,,,,,,,,0.7763900000000001,0.000125,,,10.1021/je700094y,thr
6042,4067654631874211130,293.15,101.0,Liquid,2,C=COCCC,Solvent,0.7005,,CCO,Solvent,0.2995,,,,,,,,,,0.7726100000000002,0.000125,,,10.1021/je700094y,thr
6072,-1235996565440609087,298.15,101.0,Liquid,2,CCO,Solvent,0.7525,,O=C(O)C1CC1,Solvent,0.2475,,,,,,,,,,0.8865100000000002,0.000175,,,10.1021/je800930v,thr
6073,-2810871783827106391,298.15,101.0,Liquid,2,CCO,Solvent,0.4649999999999999,,O=C(O)C1CC1,Solvent,0.535,,,,,,,,,,0.9767500000000002,0.00011,,,10.1021/je800930v,thr
6074,-8918049702352122243,298.15,101.0,Liquid,2,CCO,Solvent,0.2458,,O=C(O)C1CC1,Solvent,0.7542,,,,,,,,,,1.0315600000000005,0.000115,,,10.1021/je800930v,thr
6143,8993733398769314323,298.15,101.325,Liquid,2,CCO,Solvent,0.7596,,CCc1ccccc1,Solvent,0.2404,,,,,,,,,,0.8176000000000002,0.0015,,,10.1021/je049912x,thr
6144,5700293351304777956,298.15,101.325,Liquid,2,CCO,Solvent,0.4469999999999999,,CCc1ccccc1,Solvent,0.553,,,,,,,,,,0.8423000000000002,0.0016,,,10.1021/je049912x,thr
6145,5439082762906000040,298.15,101.325,Liquid,2,CCO,Solvent,0.2618,,CCc1ccccc1,Solvent,0.7382,,,,,,,,,,0.8536000000000002,0.00165,,,10.1021/je049912x,thr
6152,7030934299488143955,298.15,101.0,Liquid,2,CCO,Solvent,0.6749,,CO,Solvent,0.3251,,,,,,,,,,0.7854400000000002,0.00012,,,10.1021/je700300y,thr
6153,-2155683349926293164,298.15,101.0,Liquid,2,CCO,Solvent,0.4407999999999999,,CO,Solvent,0.5592,,,,,,,,,,0.7857000000000003,0.00012,,,10.1021/je700300y,thr
6154,556858780524065979,298.15,101.0,Liquid,2,CCO,Solvent,0.2818,,CO,Solvent,0.7182,,,,,,,,,,0.7859500000000003,0.00012,,,10.1021/je700300y,thr
6155,-3187099272471837221,298.15,100.5,Liquid,2,CCO,Solvent,0.75,,CCOC(=O)CC(C)C,Solvent,0.25,,,,,,,,,,0.8189000000000002,0.000215,,,10.1021/je050402s,thr
6156,4350496906224287610,298.15,100.5,Liquid,2,CCO,Solvent,0.5,,CCOC(=O)CC(C)C,Solvent,0.5,,,,,,,,,,0.8380200000000002,0.00022,,,10.1021/je050402s,thr
6157,-7113900606473385133,298.15,100.5,Liquid,2,CCO,Solvent,0.25,,CCOC(=O)CC(C)C,Solvent,0.75,,,,,,,,,,0.8505500000000001,0.000245,,,10.1021/je050402s,thr
6158,5276614119188174921,298.15,100.5,Liquid,2,CCO,Solvent,0.75,,COC(=O)c1ccccc1,Solvent,0.25,,,,,,,,,,0.9127300000000004,0.000155,,,10.1021/je050402s,thr
6159,1149056159278933660,298.15,100.5,Liquid,2,CCO,Solvent,0.5,,COC(=O)c1ccccc1,Solvent,0.5,,,,,,,,,,0.9912300000000004,0.000145,,,10.1021/je050402s,thr
6160,-8306191639511302385,298.15,100.5,Liquid,2,CCO,Solvent,0.25,,COC(=O)c1ccccc1,Solvent,0.75,,,,,,,,,,1.0446700000000004,0.00019,,,10.1021/je050402s,thr
6161,-740822645669691740,298.15,100.5,Liquid,2,CC(=O)OCc1ccccc1,Solvent,0.25,,CCO,Solvent,0.75,,,,,,,,,,0.9069200000000002,0.00015,,,10.1021/je050402s,thr
6162,-6174427627244942718,298.15,100.5,Liquid,2,CC(=O)OCc1ccccc1,Solvent,0.5,,CCO,Solvent,0.5,,,,,,,,,,0.9754400000000004,0.000115,,,10.1021/je050402s,thr
6163,-2448643351750446858,298.15,100.5,Liquid,2,CC(=O)OCc1ccccc1,Solvent,0.75,,CCO,Solvent,0.25,,,,,,,,,,1.0195800000000004,0.000115,,,10.1021/je050402s,thr
6164,-9075839553592393215,298.15,100.5,Liquid,2,CCO,Solvent,0.75,,CCOC(=O)c1ccccc1O,Solvent,0.25,,,,,,,,,,0.94342,0.000125,,,10.1021/je050402s,thr
6165,-3892341962610423332,298.15,100.5,Liquid,2,CCO,Solvent,0.5,,CCOC(=O)c1ccccc1O,Solvent,0.5,,,,,,,,,,1.0306300000000004,0.00013,,,10.1021/je050402s,thr
6166,-4017235749819225319,298.15,100.5,Liquid,2,CCO,Solvent,0.25,,CCOC(=O)c1ccccc1O,Solvent,0.75,,,,,,,,,,1.0861200000000002,0.00016,,,10.1021/je050402s,thr
6167,-3719950732395928667,298.15,100.5,Liquid,2,CCC(=O)OCc1ccccc1,Solvent,0.25,,CCO,Solvent,0.75,,,,,,,,,,0.9029600000000002,0.000155,,,10.1021/je050402s,thr
6168,1991834851714537909,298.15,100.5,Liquid,2,CCC(=O)OCc1ccccc1,Solvent,0.5,,CCO,Solvent,0.5,,,,,,,,,,0.9642200000000004,0.00013,,,10.1021/je050402s,thr
6169,-6288320812658772422,298.15,100.5,Liquid,2,CCC(=O)OCc1ccccc1,Solvent,0.75,,CCO,Solvent,0.25,,,,,,,,,,1.0017300000000002,0.000135,,,10.1021/je050402s,thr
6250,-5683897823364718591,298.15,101.3,Liquid,2,CC(=O)O,Solvent,0.2971,,CCO,Solvent,0.7029000000000001,,,,,,,,,,0.8668600000000002,0.000195,,,10.1021/je0342825,asp
6251,6144773740644343016,298.15,101.3,Liquid,2,CC(=O)O,Solvent,0.4961,,CCO,Solvent,0.5039,,,,,,,,,,0.9199600000000002,0.0002,,,10.1021/je0342825,asp
6252,-5626793469812917367,298.15,101.3,Liquid,2,CC(=O)O,Solvent,0.7031,,CCO,Solvent,0.2969,,,,,,,,,,0.97355,0.00021,,,10.1021/je0342825,asp
6253,979431272907395905,298.15,100.0,Liquid,2,CC(=O)O,Solvent,0.5,,CCO,Solvent,0.5,,,,,,0.0,0.0005,,,,,,,10.1021/je200595b,asp
6275,6471787502861611505,298.15,101.0,Liquid,2,CCC(C)(C)O,Solvent,0.2584,,CCO,Solvent,0.7416,,,,,,,,,,0.7933000000000001,0.0005,,,10.1021/je050416y,thr
6276,-1167447214385905595,298.15,101.0,Liquid,2,CCC(C)(C)O,Solvent,0.5495,,CCO,Solvent,0.4505,,,,,,,,,,0.8018000000000002,0.0005,,,10.1021/je050416y,thr
6277,-183303408888397606,298.15,101.0,Liquid,2,CCC(C)(C)O,Solvent,0.6765,,CCO,Solvent,0.3235,,,,,,,,,,0.8048000000000002,0.0005,,,10.1021/je050416y,thr
6278,-5676533552200653888,298.15,101.3,Liquid,2,CCC(C)(C)O,Solvent,0.2807,,CCO,Solvent,0.7193,,,,,,-0.7056,0.0031,,,,,,,10.1021/je101031j,thr
6279,990080040322458493,298.15,101.3,Liquid,2,CCC(C)(C)O,Solvent,0.4607,,CCO,Solvent,0.5393,,,,,,-0.95,0.00405,,,,,,,10.1021/je101031j,thr
6280,-4272119087087798273,298.15,101.3,Liquid,2,CCC(C)(C)O,Solvent,0.7306,,CCO,Solvent,0.2694,,,,,,-0.7709,0.00335,,,,,,,10.1021/je101031j,thr
6281,3726574564069492475,298.15,101.0,Liquid,2,CC(C)CCO,Solvent,0.2584,,CCO,Solvent,0.7416,,,,,,,,,,0.7925000000000002,0.0005,,,10.1021/je050416y,thr
6282,492244859121987318,298.15,101.0,Liquid,2,CC(C)CCO,Solvent,0.5495,,CCO,Solvent,0.4505,,,,,,,,,,0.7985000000000002,0.0005,,,10.1021/je050416y,thr
6283,1871833162117459532,298.15,101.0,Liquid,2,CC(C)CCO,Solvent,0.6765,,CCO,Solvent,0.3235,,,,,,,,,,0.8005000000000002,0.0005,,,10.1021/je050416y,thr
6285,-5690214782899866252,298.15,100.0,Liquid,2,CC(=O)OC(C)=O,Solvent,0.75,,CCO,Solvent,0.25,,,,,,1.282,0.0325,,,,,,,10.1021/je200595b,thr
6286,5439582919343793409,298.15,100.0,Liquid,2,CC(=O)OC(C)=O,Solvent,0.5,,CCO,Solvent,0.5,,,,,,1.693,0.043,,,,,,,10.1021/je200595b,thr
6287,5295990626566949048,298.15,100.0,Liquid,2,CC(=O)OC(C)=O,Solvent,0.25,,CCO,Solvent,0.75,,,,,,1.28,0.0325,,,,,,,10.1021/je200595b,thr
6414,-8019792109801497986,298.15,101.0,Liquid,2,CCO,Solvent,0.7725,,OCc1ccccc1,Solvent,0.2275,,,,,,0.1714,0.00195,,,,,,,10.1021/je100095p,thr
6415,8596432584190882660,298.15,101.0,Liquid,2,CCO,Solvent,0.5145,,OCc1ccccc1,Solvent,0.4855,,,,,,0.2232,0.0025,,,,,,,10.1021/je100095p,thr
6416,-5506918069055543664,298.15,101.0,Liquid,2,CCO,Solvent,0.2085,,OCc1ccccc1,Solvent,0.7915,,,,,,0.1293,0.00155,,,,,,,10.1021/je100095p,thr
6417,3177143544284455418,293.15,100.8,Liquid,2,CCO,Solvent,0.2502,,OCc1ccccc1,Solvent,0.7498,,,,,,,,,,1.0089500000000002,9.000000000000002e-05,,,10.1021/je201009c,thr
6418,3315533264960576022,293.15,100.8,Liquid,2,CCO,Solvent,0.5001,,OCc1ccccc1,Solvent,0.4999,,,,,,,,,,0.9600100000000004,0.000105,,,10.1021/je201009c,thr
6419,5075665298139125988,293.15,100.8,Liquid,2,CCO,Solvent,0.75,,OCc1ccccc1,Solvent,0.25,,,,,,,,,,0.8914900000000002,0.0001,,,10.1021/je201009c,thr
6474,-7192778489031124627,298.15,101.0,Liquid,2,CCO,Solvent,0.2,,CN(C)C=O,Solvent,0.8,,,,,,,,,,0.9210600000000002,0.00013,,,10.1021/je700430g,thr
6475,-3704910531703854107,298.15,101.0,Liquid,2,CCO,Solvent,0.5001,,CN(C)C=O,Solvent,0.4999,,,,,,,,,,0.8784600000000002,0.000165,,,10.1021/je700430g,thr
6476,-1002431439656692765,298.15,101.0,Liquid,2,CCO,Solvent,0.7,,CN(C)C=O,Solvent,0.3,,,,,,,,,,0.8454900000000002,0.000195,,,10.1021/je700430g,thr
6531,-4559853941493109317,298.15,100.0,Liquid,2,CCC(=O)OCCN1CCNCC1,Solvent,0.1216199667907902,,CCO,Solvent,0.8783800332092097,,,,,,,,,,0.9685800000000002,6.0000000000000015e-05,,,10.1021/je500380x,thr
6533,4151296836548022871,293.15,101.0,Liquid,2,CCO,Solvent,0.7200048771763577,,Oc1cccc(O)c1,Solvent,0.2799951228236422,,,,,,,,,,0.9811500000000002,6.0000000000000015e-05,,,10.1021/je101173w,thr
6569,-1513733122363543319,298.15,100.8,Liquid,2,CC(C)=O,Solvent,0.25,,CCO,Solvent,0.75,,,,,,,,,,0.7861600000000002,0.000115,,,10.1021/je050010l,thr
6570,-2890115269173769579,298.15,100.8,Liquid,2,CC(C)=O,Solvent,0.4999,,CCO,Solvent,0.5001,,,,,,,,,,0.7861900000000003,0.000115,,,10.1021/je050010l,thr
6571,4453531714001303217,298.15,100.8,Liquid,2,CC(C)=O,Solvent,0.75,,CCO,Solvent,0.25,,,,,,,,,,0.7859000000000002,0.000115,,,10.1021/je050010l,thr
6678,-3104191446124005645,298.15,100.8,Liquid,2,CC(C)(C)O,Solvent,0.75,,CCO,Solvent,0.25,,,,,,,,,,0.7836500000000002,0.000145,,,10.1021/je0501639,thr
6679,-5642102084065003315,298.15,100.8,Liquid,2,CC(C)(C)O,Solvent,0.5,,CCO,Solvent,0.5,,,,,,,,,,0.7841800000000001,0.000135,,,10.1021/je0501639,thr
6680,206860666761397789,298.15,100.8,Liquid,2,CC(C)(C)O,Solvent,0.25,,CCO,Solvent,0.75,,,,,,,,,,0.7844900000000002,0.00013,,,10.1021/je0501639,thr
6802,9072806335350478557,298.15,101.3,Liquid,2,C1CCOCC1,Solvent,0.75,,CCO,Solvent,0.25,,,,,,0.75364,0.007115,,,,,,,10.1021/je049852v,thr
6803,6428368989763857182,298.15,101.3,Liquid,2,C1CCOCC1,Solvent,0.5,,CCO,Solvent,0.5,,,,,,0.8491,0.00794,,,,,,,10.1021/je049852v,thr
6804,-2674355433542016235,298.15,101.3,Liquid,2,C1CCOCC1,Solvent,0.25,,CCO,Solvent,0.75,,,,,,0.57017,0.00553,,,,,,,10.1021/je049852v,thr
6805,-8565015124041398772,298.15,101.3,Liquid,2,C1CCOCC1,Solvent,0.7010000000000001,,CCO,Solvent,0.299,,,,,,,,,,0.8595400000000002,8.500000000000002e-05,,,10.1021/je201140q,thr
6806,2246014903669453954,298.15,101.3,Liquid,2,C1CCOCC1,Solvent,0.504,,CCO,Solvent,0.496,,,,,,,,,,0.8440100000000001,0.0001,,,10.1021/je201140q,thr
6807,-6308770363579118807,298.15,101.3,Liquid,2,C1CCOCC1,Solvent,0.284,,CCO,Solvent,0.716,,,,,,,,,,0.8227400000000002,0.00012,,,10.1021/je201140q,thr
6832,1498980958955068081,303.15,101.0,Liquid,2,CCO,Solvent,0.251,,c1ccncc1,Solvent,0.749,,,,,,-0.0346,0.00085,,,,,,,10.1021/je1002048,thr
6833,-1399574162394932278,303.15,101.0,Liquid,2,CCO,Solvent,0.502,,c1ccncc1,Solvent,0.498,,,,,,-0.0775,0.00165,,,,,,,10.1021/je1002048,thr
6834,109147151377816863,303.15,101.0,Liquid,2,CCO,Solvent,0.734,,c1ccncc1,Solvent,0.266,,,,,,-0.0529,0.0012,,,,,,,10.1021/je1002048,thr
6855,2966858101652237360,293.15,101.0,Liquid,2,CC/C=C\CCOC=O,Solvent,0.5143,,CCO,Solvent,0.4857,,,,,,,,,,0.8492500000000002,0.0019,,,10.1021/je0500025,thr
6856,-6650598127407050017,293.15,101.0,Liquid,2,CC/C=C\CCOC=O,Solvent,0.7254,,CCO,Solvent,0.2745999999999999,,,,,,,,,,0.8753600000000002,0.001715,,,10.1021/je0500025,thr
6857,-7195145660505027718,303.15,101.0,Liquid,2,CC/C=C\CCOC=O,Solvent,0.2154,,CCO,Solvent,0.7846,,,,,,,,,,0.8025300000000002,0.002255,,,10.1021/je0500025,thr
6858,597955592613299292,298.15,100.0,Liquid,2,CCCCOC(C)=O,Solvent,0.2554,,CCO,Solvent,0.7445999999999999,,,,,,,,,,0.8243000000000001,0.0001,,,10.1021/acs.jced.8b00182,thr
6859,7517803316973431649,298.15,100.0,Liquid,2,CCCCOC(C)=O,Solvent,0.4968,,CCO,Solvent,0.5032,,,,,,,,,,0.8472000000000003,5.0000000000000016e-05,,,10.1021/acs.jced.8b00182,thr
6860,-8762951176825717517,298.15,100.0,Liquid,2,CCCCOC(C)=O,Solvent,0.7492,,CCO,Solvent,0.2508,,,,,,,,,,0.8639000000000002,0.0001,,,10.1021/acs.jced.8b00182,thr
6861,3303825872063253353,293.15,101.0,Liquid,2,CCC/C=C/COC(C)=O,Solvent,0.4987,,CCO,Solvent,0.5013000000000001,,,,,,,,,,0.8429000000000002,0.001925,,,10.1021/je0500025,thr
6862,-5742714734150102047,293.15,101.0,Liquid,2,CCC/C=C/COC(C)=O,Solvent,0.7123,,CCO,Solvent,0.2876999999999999,,,,,,,,,,0.8679100000000002,0.001725,,,10.1021/je0500025,thr
6863,2240966280150131368,303.15,101.0,Liquid,2,CCC/C=C/COC(C)=O,Solvent,0.2158,,CCO,Solvent,0.7842,,,,,,,,,,0.8046900000000002,0.00223,,,10.1021/je0500025,thr
6864,-655389833961784504,303.15,101.0,Liquid,2,CC/C=C\CCOC(C)=O,Solvent,0.2381,,CCO,Solvent,0.7619,,,,,,,,,,0.8074900000000002,0.002205,,,10.1021/je0500025,thr
6865,5330348769058462481,303.15,101.0,Liquid,2,CC/C=C\CCOC(C)=O,Solvent,0.4995,,CCO,Solvent,0.5005,,,,,,,,,,0.8368800000000002,0.00197,,,10.1021/je0500025,thr
6866,7789265036974868089,303.15,101.0,Liquid,2,CC/C=C\CCOC(C)=O,Solvent,0.7159,,CCO,Solvent,0.2841,,,,,,,,,,0.8612000000000003,0.001775,,,10.1021/je0500025,thr
6959,-32988513663157190,303.15,100.0,Liquid,2,C=C(C)C(=O)OCCN(C)C,Solvent,0.2021,,CCO,Solvent,0.7979,,,,,,,,,,0.8481300000000002,0.000255,,,10.1021/acs.jced.8b00975,thr
6960,2726283370150452919,303.15,100.0,Liquid,2,C=C(C)C(=O)OCCN(C)C,Solvent,0.5006,,CCO,Solvent,0.4993999999999999,,,,,,,,,,0.8934200000000002,0.000255,,,10.1021/acs.jced.8b00975,thr
6961,1295238996471373679,303.15,100.0,Liquid,2,C=C(C)C(=O)OCCN(C)C,Solvent,0.703,,CCO,Solvent,0.297,,,,,,,,,,0.9091800000000002,0.00026,,,10.1021/acs.jced.8b00975,thr
6995,8546685856526663900,298.15,101.0,Liquid,2,CCCCCC(=O)OCC,Solvent,0.25,,CCO,Solvent,0.75,,,,,,,,,,0.8237200000000002,0.00011,,,10.1021/je050389b,thr
6996,5804417786193683207,298.15,101.0,Liquid,2,CCCCCC(=O)OCC,Solvent,0.5,,CCO,Solvent,0.5,,,,,,,,,,0.8441100000000002,0.00011,,,10.1021/je050389b,thr
6997,8260827155580379509,298.15,101.0,Liquid,2,CCCCCC(=O)OCC,Solvent,0.75,,CCO,Solvent,0.25,,,,,,,,,,0.8570200000000002,0.00011,,,10.1021/je050389b,thr
6998,1620970417272478679,298.15,101.0,Liquid,2,CCO,Solvent,0.75,,CCOC(=O)c1ccccc1,Solvent,0.25,,,,,,,,,,0.9031100000000002,9.500000000000002e-05,,,10.1021/je050389b,thr
6999,5288378744744371353,298.15,101.0,Liquid,2,CCO,Solvent,0.5,,CCOC(=O)c1ccccc1,Solvent,0.5,,,,,,,,,,0.9690700000000004,9.000000000000002e-05,,,10.1021/je050389b,thr
7000,-5029872994670335651,298.15,101.0,Liquid,2,CCO,Solvent,0.25,,CCOC(=O)c1ccccc1,Solvent,0.75,,,,,,,,,,1.0115000000000005,7.500000000000002e-05,,,10.1021/je050389b,thr
7001,-4334355097377641824,298.15,101.0,Liquid,2,CCCC(=O)OCCC(C)C,Solvent,0.25,,CCO,Solvent,0.75,,,,,,,,,,0.8218000000000002,0.000115,,,10.1021/je050389b,thr
7002,6993418691280205374,298.15,101.0,Liquid,2,CCCC(=O)OCCC(C)C,Solvent,0.5,,CCO,Solvent,0.5,,,,,,,,,,0.8399000000000002,0.000125,,,10.1021/je050389b,thr
7003,2312403290313552189,298.15,101.0,Liquid,2,CCCC(=O)OCCC(C)C,Solvent,0.75,,CCO,Solvent,0.25,,,,,,,,,,0.8509200000000001,0.00014,,,10.1021/je050389b,thr
7004,-3719840638723064373,298.15,101.0,Liquid,2,CCO,Solvent,0.75,,CCOC(=O)Cc1ccccc1,Solvent,0.25,,,,,,,,,,0.9023700000000002,0.000105,,,10.1021/je050389b,thr
7005,8999408055019972729,298.15,101.0,Liquid,2,CCO,Solvent,0.5,,CCOC(=O)Cc1ccccc1,Solvent,0.5,,,,,,,,,,0.9633500000000004,0.000115,,,10.1021/je050389b,thr
7006,2911215574478695535,298.15,101.0,Liquid,2,CCO,Solvent,0.25,,CCOC(=O)Cc1ccccc1,Solvent,0.75,,,,,,,,,,1.0010300000000003,0.000135,,,10.1021/je050389b,thr
7007,-2567223412377417142,298.15,101.0,Liquid,2,CCCCCCCC(=O)OCC,Solvent,0.25,,CCO,Solvent,0.75,,,,,,,,,,0.8251700000000002,0.000115,,,10.1021/je050389b,thr
7008,2263536902507657530,298.15,101.0,Liquid,2,CCCCCCCC(=O)OCC,Solvent,0.5,,CCO,Solvent,0.5,,,,,,,,,,0.8436300000000002,0.00012,,,10.1021/je050389b,thr
7009,4968479441625904220,298.15,101.0,Liquid,2,CCCCCCCC(=O)OCC,Solvent,0.75,,CCO,Solvent,0.25,,,,,,,,,,0.8546800000000001,0.00013,,,10.1021/je050389b,thr
7068,1578352739195890011,298.15,101.32,Liquid,2,CCO,Solvent,0.75,,COCCOC,Solvent,0.25,,,,,,,,,,0.8157000000000002,0.0002,,,10.1021/je0302304,thr
7069,-6763978579106459223,298.15,101.32,Liquid,2,CCO,Solvent,0.5,,COCCOC,Solvent,0.5,,,,,,,,,,0.8363000000000002,0.0002,,,10.1021/je0302304,thr
7070,-4460083196671165694,298.15,101.32,Liquid,2,CCO,Solvent,0.2501,,COCCOC,Solvent,0.7499,,,,,,,,,,0.8507000000000002,0.0002,,,10.1021/je0302304,thr
7238,-4791628063301010430,293.15,101.0,Liquid,2,CCO,Solvent,0.7027,,CN1CCCC1=O,Solvent,0.2973,,,,,,,,,,0.8943600000000003,0.00032,,,10.1021/je100967k,thr
7239,5411165014763614490,293.15,101.0,Liquid,2,CCO,Solvent,0.5052,,CN1CCCC1=O,Solvent,0.4948,,,,,,,,,,0.9444100000000002,0.00028,,,10.1021/je100967k,thr
7240,7700172719787995541,293.15,101.0,Liquid,2,CCO,Solvent,0.2103,,CN1CCCC1=O,Solvent,0.7897,,,,,,,,,,1.0008600000000003,0.000245,,,10.1021/je100967k,thr
7418,-4549969152912635353,298.15,101.325,Liquid,2,CCCCCC=O,Solvent,0.2049,,CCO,Solvent,0.7951,,,,,,,,,,0.7910100000000002,0.001445,,,10.1021/je0502344,thr
7419,7186228093498892456,298.15,101.325,Liquid,2,CCCCCC=O,Solvent,0.5027,,CCO,Solvent,0.4972999999999999,,,,,,,,,,0.8032200000000003,0.001475,,,10.1021/je0502344,thr
7420,8283572233207613613,298.15,101.325,Liquid,2,CCCCCC=O,Solvent,0.7108,,CCO,Solvent,0.2892,,,,,,,,,,0.8142900000000002,0.001505,,,10.1021/je0502344,thr
7421,-8625267396810727386,298.15,101.325,Liquid,2,CCCCCCCC=O,Solvent,0.2019,,CCO,Solvent,0.7981,,,,,,,,,,0.7894500000000002,0.00144,,,10.1021/je0502344,thr
7422,4333596699177786554,298.15,101.325,Liquid,2,CCCCCCCC=O,Solvent,0.4952,,CCO,Solvent,0.5048,,,,,,,,,,0.7984000000000002,0.001465,,,10.1021/je0502344,thr
7423,-777177562899735103,298.15,101.325,Liquid,2,CCCCCCCC=O,Solvent,0.798,,CCO,Solvent,0.2019999999999999,,,,,,,,,,0.8109000000000002,0.0015,,,10.1021/je0502344,thr
7424,-2166813915902764262,298.15,101.325,Liquid,2,CCCCCCCCC=O,Solvent,0.293,,CCO,Solvent,0.7070000000000001,,,,,,,,,,0.7937900000000001,0.00145,,,10.1021/je0502344,thr
7425,-1044048723090207966,298.15,101.325,Liquid,2,CCCCCCCCC=O,Solvent,0.5045,,CCO,Solvent,0.4955,,,,,,,,,,0.8025200000000001,0.001475,,,10.1021/je0502344,thr
7426,-2303910691603029807,298.15,101.325,Liquid,2,CCCCCCCCC=O,Solvent,0.7855,,CCO,Solvent,0.2145,,,,,,,,,,0.8173100000000001,0.001515,,,10.1021/je0502344,thr
7427,4325666828381467103,298.15,101.325,Liquid,2,CCCCCCCCCC=O,Solvent,0.2102,,CCO,Solvent,0.7898000000000001,,,,,,,,,,0.7871400000000002,0.001435,,,10.1021/je0502344,thr
7428,-5058689516054860380,298.15,101.325,Liquid,2,CCCCCCCCCC=O,Solvent,0.5105,,CCO,Solvent,0.4895,,,,,,,,,,0.7913100000000002,0.001445,,,10.1021/je0502344,thr
7429,-353324036838763865,298.15,101.325,Liquid,2,CCCCCCCCCC=O,Solvent,0.8008,,CCO,Solvent,0.1992,,,,,,,,,,0.7967300000000002,0.00146,,,10.1021/je0502344,thr
7463,-2697847297742114157,298.15,101.0,Liquid,2,CCO,Solvent,0.7562,,CN1CCOCC1,Solvent,0.2438,,,,,,,,,,0.8372300000000003,0.000315,,,10.1021/je7005055,thr
7464,8982105778196439113,298.15,101.0,Liquid,2,CCO,Solvent,0.5018,,CN1CCOCC1,Solvent,0.4982,,,,,,,,,,0.8717300000000002,0.000335,,,10.1021/je7005055,thr
7465,9052011691312673369,298.15,101.0,Liquid,2,CCO,Solvent,0.2765999999999999,,CN1CCOCC1,Solvent,0.7234,,,,,,,,,,0.8909600000000002,0.0004,,,10.1021/je7005055,thr
7589,4568265855209501683,298.15,101.0,Liquid,2,CCO,Solvent,0.7,,CCOC(=O)CC(=O)OCC,Solvent,0.3,,,,,,,,,,0.9243090000000002,0.000146,,,10.1021/je100100n,thr
7590,-6156604417870634859,298.15,101.0,Liquid,2,CCO,Solvent,0.5001,,CCOC(=O)CC(=O)OCC,Solvent,0.4999,,,,,,,,,,0.9755770000000002,0.000107,,,10.1021/je100100n,thr
7591,6947891422877540270,298.15,101.0,Liquid,2,CCO,Solvent,0.2502999999999999,,CCOC(=O)CC(=O)OCC,Solvent,0.7497,,,,,,,,,,1.0189280000000005,0.0001035,,,10.1021/je100100n,thr
7592,3725814319902815570,298.2,101.3,Liquid,2,CCO,Solvent,0.7493000000000001,,CCOC(=O)CC(=O)OCC,Solvent,0.2507,,,,,,1.446,0.0155,,,,,,,10.1021/je9003806,thr
7593,-5022749810585540793,298.2,101.3,Liquid,2,CCO,Solvent,0.5015000000000001,,CCOC(=O)CC(=O)OCC,Solvent,0.4985,,,,,,1.848,0.02,,,,,,,10.1021/je9003806,thr
7594,-1501561653218292427,298.2,101.3,Liquid,2,CCO,Solvent,0.2534999999999999,,CCOC(=O)CC(=O)OCC,Solvent,0.7465,,,,,,1.473,0.016,,,,,,,10.1021/je9003806,thr
7635,2699755177945481854,298.15,101.0,Liquid,2,CCCCOCCCC,Solvent,0.1995,,CCO,Solvent,0.8005,,,,,,,,,,0.7770200000000002,0.00049,,,10.1021/je600578u,thr
7636,-2418466828588089206,298.15,101.0,Liquid,2,CCCCOCCCC,Solvent,0.5003,,CCO,Solvent,0.4997,,,,,,,,,,0.7703100000000002,0.00049,,,10.1021/je600578u,thr
7637,6262057020458931496,298.15,101.0,Liquid,2,CCCCOCCCC,Solvent,0.7013,,CCO,Solvent,0.2986999999999999,,,,,,,,,,0.7675300000000002,0.00049,,,10.1021/je600578u,thr
7638,3591777795273972445,298.15,101.0,Liquid,2,CCCCO,Solvent,0.7,,CCO,Solvent,0.3,,,,,,,,,,0.8009700000000002,6.0000000000000015e-05,,,10.1021/je300632p,thr
7639,8033587023048078481,298.15,101.0,Liquid,2,CCCCO,Solvent,0.499,,CCO,Solvent,0.501,,,,,,,,,,0.7976500000000002,6.0000000000000015e-05,,,10.1021/je300632p,thr
7640,338606936864260463,298.15,101.0,Liquid,2,CCCCO,Solvent,0.299,,CCO,Solvent,0.701,,,,,,,,,,0.7933300000000002,6.0000000000000015e-05,,,10.1021/je300632p,thr
7641,-6079235876332210247,298.15,101.0,Liquid,2,CCCCCO,Solvent,0.7,,CCO,Solvent,0.3,,,,,,,,,,0.8056700000000001,9.000000000000002e-05,,,10.1021/je300632p,thr
7642,6808506594935485671,298.15,101.0,Liquid,2,CCCCCO,Solvent,0.5,,CCO,Solvent,0.5,,,,,,,,,,0.8016000000000002,8.000000000000002e-05,,,10.1021/je300632p,thr
7643,6474563471416430149,298.15,101.0,Liquid,2,CCCCCO,Solvent,0.3,,CCO,Solvent,0.7,,,,,,,,,,0.7962100000000002,7.000000000000002e-05,,,10.1021/je300632p,thr
7644,3662042457236936496,298.15,101.0,Liquid,2,CCCO,Solvent,0.8,,CCO,Solvent,0.2,,,,,,,,,,0.7968200000000002,6.500000000000002e-05,,,10.1021/je300632p,thr
7645,-7859326228587027125,298.15,101.0,Liquid,2,CCCO,Solvent,0.5,,CCO,Solvent,0.5,,,,,,,,,,0.7932200000000003,6.500000000000002e-05,,,10.1021/je300632p,thr
7646,-424887461635498822,298.15,101.0,Liquid,2,CCCO,Solvent,0.299,,CCO,Solvent,0.701,,,,,,,,,,0.7902100000000002,6.500000000000002e-05,,,10.1021/je300632p,thr
7695,6673464773360757060,298.15,101.3,Liquid,2,CCO,Solvent,0.2,,O=C1CCCCC1,Solvent,0.8,,,,,,,,,,0.9309200000000002,0.00052,,,10.1021/acs.jced.8b00755,thr
7696,-4741466449782192167,298.15,101.3,Liquid,2,CCO,Solvent,0.5,,O=C1CCCCC1,Solvent,0.5,,,,,,,,,,0.8962500000000002,0.000535,,,10.1021/acs.jced.8b00755,thr
7697,-5591158954720591025,298.15,101.3,Liquid,2,CCO,Solvent,0.7,,O=C1CCCCC1,Solvent,0.3,,,,,,,,,,0.8609500000000002,0.00055,,,10.1021/acs.jced.8b00755,thr
7841,-5237262395101548418,298.15,101.0,Liquid,2,CC1OC(C)OC(C)O1,Solvent,0.2589,,CCO,Solvent,0.7411,,,,,,,,,,0.8795700000000003,0.001135,,,10.1021/je049556i,thr
7842,4165956530876995220,298.15,101.0,Liquid,2,CC1OC(C)OC(C)O1,Solvent,0.4485,,CCO,Solvent,0.5515,,,,,,,,,,0.9220400000000002,0.00107,,,10.1021/je049556i,thr
7843,-7698351830101274013,298.15,101.0,Liquid,2,CC1OC(C)OC(C)O1,Solvent,0.7582,,CCO,Solvent,0.2418,,,,,,,,,,0.9661500000000002,0.000975,,,10.1021/je049556i,thr
7900,-8160472737992363040,293.15,101.0,Liquid,2,CCO,Solvent,0.7,,NCCNCCO,Solvent,0.3,,,,,,,,,,0.9086300000000002,0.001135,,,10.1021/acs.jced.7b00321,thr
7901,-2526771647423177822,293.15,101.0,Liquid,2,CCO,Solvent,0.5003,,NCCNCCO,Solvent,0.4997,,,,,,,,,,0.9579200000000002,0.001135,,,10.1021/acs.jced.7b00321,thr
7902,745315294950373658,293.15,101.0,Liquid,2,CCO,Solvent,0.2006,,NCCNCCO,Solvent,0.7994,,,,,,,,,,1.0070900000000005,0.001025,,,10.1021/acs.jced.7b00321,thr
7903,8049525020522480714,293.15,101.0,Liquid,2,CCO,Solvent,0.7992,,NCCCO,Solvent,0.2008,,,,,,,,,,0.8479800000000002,0.000995,,,10.1021/acs.jced.7b00321,thr
7904,-6365380567404185959,293.15,101.0,Liquid,2,CCO,Solvent,0.5001,,NCCCO,Solvent,0.4999,,,,,,,,,,0.9141300000000002,0.00101,,,10.1021/acs.jced.7b00321,thr
7905,1540227758501294660,293.15,101.0,Liquid,2,CCO,Solvent,0.2000999999999999,,NCCCO,Solvent,0.7999,,,,,,,,,,0.9633500000000004,0.000985,,,10.1021/acs.jced.7b00321,thr
7906,6927641620209503790,293.15,101.0,Liquid,2,CCO,Solvent,0.6999,,NCCNCCN,Solvent,0.3001,,,,,,,,,,0.8887400000000002,0.00128,,,10.1021/acs.jced.7b00321,thr
7907,9162580750800328600,293.15,101.0,Liquid,2,CCO,Solvent,0.5002,,NCCNCCN,Solvent,0.4998,,,,,,,,,,0.9187700000000002,0.001345,,,10.1021/acs.jced.7b00321,thr
7908,-2565940279480744381,293.15,101.0,Liquid,2,CCO,Solvent,0.2002,,NCCNCCN,Solvent,0.7998,,,,,,,,,,0.9430800000000004,0.001185,,,10.1021/acs.jced.7b00321,thr
7969,6343097966622804578,298.15,101.3,Liquid,2,CCO,Solvent,0.7,,O=C1CCCC1,Solvent,0.3,,,,,,,,,,0.8536900000000003,0.00054,,,10.1021/acs.jced.8b00217,thr
7970,-3424073556842860951,298.15,101.3,Liquid,2,CCO,Solvent,0.5,,O=C1CCCC1,Solvent,0.5,,,,,,,,,,0.8881700000000001,0.000525,,,10.1021/acs.jced.8b00217,thr
7971,3523616471195779262,298.15,101.3,Liquid,2,CCO,Solvent,0.1999999999999999,,O=C1CCCC1,Solvent,0.8,,,,,,,,,,0.92718,0.000515,,,10.1021/acs.jced.8b00217,thr
7987,3959125672885666863,298.15,100.0,Liquid,2,CC(=O)c1ccccc1,Solvent,0.2002,,CCO,Solvent,0.7998000000000001,,,,,,0.7909,0.0087,,,,,,,10.1021/je7006633,thr
7988,9118345339569161354,298.15,100.0,Liquid,2,CC(=O)c1ccccc1,Solvent,0.5007,,CCO,Solvent,0.4992999999999999,,,,,,1.1774,0.0127,,,,,,,10.1021/je7006633,thr
7989,7557145481717008681,298.15,100.0,Liquid,2,CC(=O)c1ccccc1,Solvent,0.7002,,CCO,Solvent,0.2997999999999999,,,,,,1.0629,0.0115,,,,,,,10.1021/je7006633,thr
7996,-3440380053620716867,298.15,101.32,Liquid,2,CCO,Solvent,0.75,,COCCOCCOC,Solvent,0.25,,,,,,,,,,0.8566000000000003,0.0002,,,10.1021/je0302304,thr
7997,-7028361421760890506,298.15,101.32,Liquid,2,CCO,Solvent,0.5001,,COCCOCCOC,Solvent,0.4999,,,,,,,,,,0.8964000000000002,0.00015,,,10.1021/je0302304,thr
7998,2410883482498767176,298.15,101.32,Liquid,2,CCO,Solvent,0.2501,,COCCOCCOC,Solvent,0.7499,,,,,,,,,,0.9214000000000002,0.00015,,,10.1021/je0302304,thr
8124,3491392307577869222,298.2,100.0,Liquid,2,CCO,Solvent,0.9462558,,Cc1ccc(-c2ncc(Cl)cc2-c2ccc(S(C)(=O)=O)cc2)cn1,Solvent,0.0537442,,,,,,,,,,0.8199000000000002,0.00035,,,10.1021/acs.jced.5b00201,thr
8169,2962126299481526567,293.15,101.0,Liquid,2,CC#N,Solvent,0.2007,,CCO,Solvent,0.7993,,,,,,,,,,0.7859900000000002,0.000155,,,10.1021/je050519g,thr
8170,7838470204494886454,293.15,101.0,Liquid,2,CC#N,Solvent,0.5001,,CCO,Solvent,0.4999,,,,,,,,,,0.7830800000000002,0.00015,,,10.1021/je050519g,thr
8171,-7646555477060523255,293.15,101.0,Liquid,2,CC#N,Solvent,0.6994,,CCO,Solvent,0.3006,,,,,,,,,,0.7808900000000002,0.00015,,,10.1021/je050519g,thr
8235,-5831730972254203277,298.15,100.0,Liquid,2,CCCCCCO,Solvent,0.6996,,CCO,Solvent,0.3004,,,,,,,,,,0.8097000000000002,0.0001,,,10.1021/je501133u,thr
8236,-7149908917439782789,298.15,100.0,Liquid,2,CCCCCCO,Solvent,0.5002,,CCO,Solvent,0.4998,,,,,,,,,,0.8050000000000002,0.0001,,,10.1021/je501133u,thr
8237,6465045613303021470,298.15,100.0,Liquid,2,CCCCCCO,Solvent,0.2005,,CCO,Solvent,0.7995,,,,,,,,,,0.7952000000000002,0.0001,,,10.1021/je501133u,thr
8238,-3593472730771362497,298.15,100.0,Liquid,2,CCCCCCCO,Solvent,0.7992,,CCO,Solvent,0.2008,,,,,,,,,,0.8159000000000002,0.00065,,,10.1021/je400630f,thr
8239,3616339701502870751,298.15,100.0,Liquid,2,CCCCCCCO,Solvent,0.4999,,CCO,Solvent,0.5001,,,,,,,,,,0.8088000000000002,0.00065,,,10.1021/je400630f,thr
8240,1455982659216766185,298.15,100.0,Liquid,2,CCCCCCCO,Solvent,0.1999999999999999,,CCO,Solvent,0.8,,,,,,,,,,0.7981000000000003,0.00065,,,10.1021/je400630f,thr
8244,7496179986283274215,298.15,101.32,Liquid,2,CCCCCl,Solvent,0.7,,CCO,Solvent,0.3,,,,,,,,,,0.8608000000000001,0.00035,,,10.1021/je030226s,thr
8245,-8234951176369003957,298.15,101.32,Liquid,2,CCCCCl,Solvent,0.5,,CCO,Solvent,0.5,,,,,,,,,,0.8452000000000003,0.0004,,,10.1021/je030226s,thr
8246,-2731321669427116889,298.15,101.32,Liquid,2,CCCCCl,Solvent,0.1999999999999999,,CCO,Solvent,0.8,,,,,,,,,,0.8144000000000001,0.00045,,,10.1021/je030226s,thr
8368,8886521123003510123,298.15,101.0,Liquid,2,CC(C)Br,Solvent,0.2,,CCO,Solvent,0.8,,,,,,,,,,0.9363,0.0009,,,10.1021/je100159m,thr
8369,-3120906235330406264,298.15,101.0,Liquid,2,CC(C)Br,Solvent,0.5,,CCO,Solvent,0.5,,,,,,,,,,1.1048000000000002,0.0012,,,10.1021/je100159m,thr
8370,4762269423085032573,298.15,101.0,Liquid,2,CC(C)Br,Solvent,0.7,,CCO,Solvent,0.3,,,,,,,,,,1.1961000000000002,0.00175,,,10.1021/je100159m,thr
8398,-1868972581724295800,313.15,101.3,Liquid,2,CCO,Solvent,0.93939732178121,,O=C(O)CCC(=O)O,Solvent,0.06060267821879,,,,,,,,,,0.8686000000000003,0.0033,,,10.1021/acs.jced.6b00031,thr
8494,8819274134239584175,298.15,100.0,Liquid,2,CC(=O)CC(C)=O,Solvent,0.2491,,CCO,Solvent,0.7509,,,,,,0.943,0.01025,,,,,,,10.1021/je700492k,thr
8495,-4285827497104210897,298.15,100.0,Liquid,2,CC(=O)CC(C)=O,Solvent,0.4988,,CCO,Solvent,0.5012,,,,,,1.2915,0.01385,,,,,,,10.1021/je700492k,thr
8496,1335158320384223909,298.15,100.0,Liquid,2,CC(=O)CC(C)=O,Solvent,0.7494,,CCO,Solvent,0.2506,,,,,,1.1051,0.0119,,,,,,,10.1021/je700492k,thr
8566,-6135701284771394540,298.2,101.3,Liquid,2,CCO,Solvent,0.7005,,COC(=O)CC(C)=O,Solvent,0.2995,,,,,,1.578,0.017,,,,,,,10.1021/je1006482,thr
8567,-4764620686895943320,298.2,101.3,Liquid,2,CCO,Solvent,0.4992,,COC(=O)CC(C)=O,Solvent,0.5008,,,,,,1.791,0.019,,,,,,,10.1021/je1006482,thr
8568,1081031280167017651,298.2,101.3,Liquid,2,CCO,Solvent,0.2989,,COC(=O)CC(C)=O,Solvent,0.7011,,,,,,1.533,0.0165,,,,,,,10.1021/je1006482,thr
8618,624883256463319143,298.15,101.3,Liquid,2,CCO,Solvent,0.7827,,ClC=C(Cl)Cl,Solvent,0.2173,,,,,,,,,,0.9839000000000002,0.0003,,,10.1021/je034203p,thr
8619,-5570269950914904519,298.15,101.3,Liquid,2,CCO,Solvent,0.507,,ClC=C(Cl)Cl,Solvent,0.493,,,,,,,,,,1.1824000000000003,0.00045,,,10.1021/je034203p,thr
8620,1213478468310366476,298.15,101.3,Liquid,2,CCO,Solvent,0.2784999999999999,,ClC=C(Cl)Cl,Solvent,0.7215,,,,,,,,,,1.3171000000000002,0.00055,,,10.1021/je034203p,thr
8651,-7739669285264384568,298.15,101.3,Liquid,2,CCO,Solvent,0.7254,,ClC(Cl)=C(Cl)Cl,Solvent,0.2746,,,,,,,,,,1.1113000000000002,0.00035,,,10.1021/je034203p,thr
8652,-3142635881767684391,298.15,101.3,Liquid,2,CCO,Solvent,0.5399,,ClC(Cl)=C(Cl)Cl,Solvent,0.4601,,,,,,,,,,1.2737000000000005,0.0005,,,10.1021/je034203p,thr
8653,6069122881362701673,298.15,101.3,Liquid,2,CCO,Solvent,0.3056,,ClC(Cl)=C(Cl)Cl,Solvent,0.6944,,,,,,,,,,1.4400000000000004,0.00065,,,10.1021/je034203p,thr
8693,-6795915551290264405,298.15,100.0,Liquid,2,CCCCCCCCO,Solvent,0.69975,,CCO,Solvent,0.30025,,,,,,,,,,0.8170000000000002,0.00065,,,10.1021/je400630f,thr
8694,641953922557430352,298.15,100.0,Liquid,2,CCCCCCCCO,Solvent,0.49963,,CCO,Solvent,0.50037,,,,,,,,,,0.8117000000000002,0.00065,,,10.1021/je400630f,thr
8695,-4621018996480172426,298.15,100.0,Liquid,2,CCCCCCCCO,Solvent,0.2000999999999999,,CCO,Solvent,0.7999,,,,,,,,,,0.8000000000000002,0.00065,,,10.1021/je400630f,thr
8753,-3926241937098698054,298.15,101.0,Liquid,2,C1CCOC1,Solvent,0.2018,,CCO,Solvent,0.7982,,,,,,,,,,0.8106700000000001,0.00635,,,10.1021/je700308j,thr
8754,-813582678031707497,298.15,101.0,Liquid,2,C1CCOC1,Solvent,0.5015,,CCO,Solvent,0.4985,,,,,,,,,,0.8418000000000001,0.00261,,,10.1021/je700308j,thr
8755,-2984601864051257176,298.15,101.0,Liquid,2,C1CCOC1,Solvent,0.711,,CCO,Solvent,0.289,,,,,,,,,,0.8600200000000002,0.00097,,,10.1021/je700308j,thr
8920,-4287803583871944606,293.15,101.0,Liquid,2,CC(=O)N1CCOCC1,Solvent,0.2164,,CCO,Solvent,0.7836,,,,,,,,,,0.9060900000000004,0.000305,,,10.1021/je8003194,thr
8921,-7672628594619966543,293.15,101.0,Liquid,2,CC(=O)N1CCOCC1,Solvent,0.4957,,CCO,Solvent,0.5043,,,,,,,,,,1.0063100000000005,0.000265,,,10.1021/je8003194,thr
8922,-1146569223056106194,293.15,101.0,Liquid,2,CC(=O)N1CCOCC1,Solvent,0.7348,,CCO,Solvent,0.2652,,,,,,,,,,1.0653700000000002,0.00049,,,10.1021/je8003194,thr
9113,-6223447702879917502,293.15,101.0,Liquid,2,CCO,Solvent,0.8500032803073594,,Oc1cccc2ccccc12,Solvent,0.1499967196926406,,,,,,,,,,0.9073900000000004,4.500000000000001e-05,,,10.1021/je201222n,thr
9116,-5009343139111162791,293.15,101.0,Liquid,2,CCO,Solvent,0.8500032803073594,,Oc1ccc2ccccc2c1,Solvent,0.1499967196926406,,,,,,,,,,0.9026400000000002,4.500000000000001e-05,,,10.1021/je201222n,thr
9119,-3063103124956280626,293.15,101.0,Liquid,2,CCO,Solvent,0.7836610372627127,,Nc1cccc2ccccc12,Solvent,0.2163389627372873,,,,,,,,,,0.9386300000000002,4.000000000000001e-05,,,10.1021/je201222n,thr
9158,-7640286915130168976,298.15,101.0,Liquid,2,CCCCCCCCC,Solvent,0.7547,,CCO,Solvent,0.2453,,,,,,0.654,0.007,,,,,,,10.1021/je200851a,thr
9159,-158158562388643043,298.15,101.0,Liquid,2,CCCCCCCCC,Solvent,0.4978,,CCO,Solvent,0.5022,,,,,,0.677,0.0075,,,,,,,10.1021/je200851a,thr
9160,1674944114807331155,298.15,101.0,Liquid,2,CCCCCCCCC,Solvent,0.251,,CCO,Solvent,0.749,,,,,,0.542,0.006,,,,,,,10.1021/je200851a,thr
134,8027670688779356697,298.15,101.325,Liquid,1,Cc1ccc(O)cc1,Solvent,1.0,,,,,,,,,,,,,,1.1540000000000004,0.025,,,10.1016/j.jct.2006.12.017,tyr
2922,212558186225713566,303.15,101.0,Liquid,2,COc1ccc(C=O)cc1,Solvent,0.2717,,Cc1ccc(O)cc1,Solvent,0.7283,,,,,,,,,,1.0446000000000002,0.00525,,,10.1016/j.jct.2011.05.018,tyr
2923,7891128375732385595,303.15,101.0,Liquid,2,COc1ccc(C=O)cc1,Solvent,0.4654,,Cc1ccc(O)cc1,Solvent,0.5346,,,,,,,,,,1.0612000000000004,0.0053,,,10.1016/j.jct.2011.05.018,tyr
2924,6064672594637699089,303.15,101.0,Liquid,2,COc1ccc(C=O)cc1,Solvent,0.7769,,Cc1ccc(O)cc1,Solvent,0.2230999999999999,,,,,,,,,,1.0893000000000002,0.00545,,,10.1016/j.jct.2011.05.018,tyr
4234,-8690246990993093645,303.15,100.0,Liquid,2,CCO,Solvent,0.2624,,Cc1ccc(O)cc1,Solvent,0.7376,,,,,,,,,,0.9859300000000002,0.0006,,,10.1016/j.jct.2018.12.039,tyr
4235,1270213352698356218,303.15,100.0,Liquid,2,CCO,Solvent,0.4707,,Cc1ccc(O)cc1,Solvent,0.5293,,,,,,,,,,0.9452300000000002,0.0006,,,10.1016/j.jct.2018.12.039,tyr
4236,-7801510855465254103,303.15,100.0,Liquid,2,CCO,Solvent,0.7805,,Cc1ccc(O)cc1,Solvent,0.2195,,,,,,,,,,0.8634700000000002,0.000605,,,10.1016/j.jct.2018.12.039,tyr
9017,603326511079589125,303.15,101.0,Liquid,2,Cc1ccc(O)cc1,Solvent,0.7187,,Cc1ccccc1,Solvent,0.2813,,,,,,,,,,0.9799100000000002,9.000000000000002e-05,,,10.1021/je100888h,tyr
9018,-2145630062574247211,303.15,101.0,Liquid,2,Cc1ccc(O)cc1,Solvent,0.5085999999999999,,Cc1ccccc1,Solvent,0.4914,,,,,,,,,,0.9443200000000004,0.000115,,,10.1021/je100888h,tyr
9019,3466414748173555819,303.15,101.0,Liquid,2,Cc1ccc(O)cc1,Solvent,0.2249999999999999,,Cc1ccccc1,Solvent,0.775,,,,,,,,,,0.8973700000000002,0.000145,,,10.1021/je100888h,tyr
9020,4175726249904997292,303.15,101.0,Liquid,2,Cc1ccc(O)cc1,Solvent,0.548,,O,Solvent,0.4519999999999999,,,,,,,,,,1.02042,8.500000000000002e-05,,,10.1021/je100888h,tyr
9021,1676204989818783056,303.15,101.0,Liquid,2,Cc1ccc(O)cc1,Solvent,0.74,,O,Solvent,0.26,,,,,,,,,,1.0233300000000003,9.000000000000002e-05,,,10.1021/je100888h,tyr
9107,-6288531111012776408,308.15,101.0,Liquid,2,Cc1ccc(O)cc1,Solvent,0.1999,,OCCO,Solvent,0.8001,,,,,,,,,,1.0774500000000002,0.000215,,,10.1021/je050376y,tyr
9108,-6811880835396260653,308.15,101.0,Liquid,2,Cc1ccc(O)cc1,Solvent,0.4998,,OCCO,Solvent,0.5002,,,,,,,,,,1.0506600000000004,0.000215,,,10.1021/je050376y,tyr
9109,8531408453657987390,308.15,101.0,Liquid,2,Cc1ccc(O)cc1,Solvent,0.7,,OCCO,Solvent,0.3,,,,,,,,,,1.0373400000000002,0.000215,,,10.1021/je050376y,tyr
9110,-2106595286252304854,308.15,101.0,Liquid,2,CO,Solvent,0.7001999999999999,,Cc1ccc(O)cc1,Solvent,0.2998,,,,,,,,,,0.9145300000000002,0.00019,,,10.1021/je050376y,tyr
9111,2853026269203927485,308.15,101.0,Liquid,2,CO,Solvent,0.5001,,Cc1ccc(O)cc1,Solvent,0.4999,,,,,,,,,,0.9615900000000004,0.000185,,,10.1021/je050376y,tyr
9112,4893753291138919310,308.15,101.0,Liquid,2,CO,Solvent,0.1999999999999999,,Cc1ccc(O)cc1,Solvent,0.8,,,,,,,,,,1.0035300000000005,0.000205,,,10.1021/je050376y,tyr
155,2286441867127822001,298.15,101.325,Liquid,1,CC(=O)O,Solvent,1.0,,,,,,,,,,,,,,1.0441200000000002,0.005,,,10.1021/acs.jced.6b00112,asp
2355,6751891053719503232,298.15,101.0,Liquid,2,CC(=O)O,Solvent,0.2458,,OCCO,Solvent,0.7542,,,,,,-0.0249,0.00125,,,,,,,10.1016/j.fluid.2007.05.030,asp
2356,1126478101423419789,298.15,101.0,Liquid,2,CC(=O)O,Solvent,0.4944,,OCCO,Solvent,0.5056,,,,,,-0.0633,0.00165,,,,,,,10.1016/j.fluid.2007.05.030,asp
2357,8657663576389378085,298.15,101.0,Liquid,2,CC(=O)O,Solvent,0.7458,,OCCO,Solvent,0.2542,,,,,,0.0279,0.0013,,,,,,,10.1016/j.fluid.2007.05.030,asp
4190,4109618572321915955,313.15,101.0,Liquid,2,CC(=O)O,Solvent,0.7049000000000001,,CCCO,Solvent,0.2951,,,,,,0.389,0.012,,,,,,,10.1016/j.fluid.2014.08.022,asp
4191,-5756221471962952131,313.15,101.0,Liquid,2,CC(=O)O,Solvent,0.5005,,CCCO,Solvent,0.4995,,,,,,0.393,0.012,,,,,,,10.1016/j.fluid.2014.08.022,asp
4192,-697336204551117289,313.15,101.0,Liquid,2,CC(=O)O,Solvent,0.2008999999999999,,CCCO,Solvent,0.7991,,,,,,0.237,0.007,,,,,,,10.1016/j.fluid.2014.08.022,asp
4193,-3139123728479444664,313.15,101.0,Liquid,2,CC(=O)O,Solvent,0.7004,,CCCOC(C)=O,Solvent,0.2996,,,,,,-0.016,0.00065,,,,,,,10.1016/j.fluid.2014.08.022,asp
4194,-338340152131315598,313.15,101.0,Liquid,2,CC(=O)O,Solvent,0.5003,,CCCOC(C)=O,Solvent,0.4997,,,,,,0.0139,0.0006,,,,,,,10.1016/j.fluid.2014.08.022,asp
4195,-676773390224362286,313.15,101.0,Liquid,2,CC(=O)O,Solvent,0.2007999999999999,,CCCOC(C)=O,Solvent,0.7992,,,,,,0.0406,0.0013,,,,,,,10.1016/j.fluid.2014.08.022,asp
4199,-2444001846356765538,298.15,100.0,Liquid,2,CC#N,Solvent,0.7995,,CC(=O)O,Solvent,0.2005,,,,,,,,,,0.8381400000000002,0.000465,,,10.1016/j.jct.2016.03.019,asp
4200,3420453001002311118,298.15,100.0,Liquid,2,CC#N,Solvent,0.4903999999999999,,CC(=O)O,Solvent,0.5096,,,,,,,,,,0.9253,0.000465,,,10.1016/j.jct.2016.03.019,asp
4201,-8132794709980212491,298.15,100.0,Liquid,2,CC#N,Solvent,0.2947999999999999,,CC(=O)O,Solvent,0.7052,,,,,,,,,,0.9753000000000002,0.000465,,,10.1016/j.jct.2016.03.019,asp
4936,3435716957321259970,298.15,100.0,Liquid,2,CC(=O)O,Solvent,0.7963,,Cc1ccccc1,Solvent,0.2037,,,,,,,,,,0.9780000000000002,0.002,,,10.1016/j.jct.2017.07.035,asp
4937,-2192684744861590521,298.15,100.0,Liquid,2,CC(=O)O,Solvent,0.5059,,Cc1ccccc1,Solvent,0.4941,,,,,,,,,,0.9190000000000004,0.002,,,10.1016/j.jct.2017.07.035,asp
4938,216509836418985597,298.15,100.0,Liquid,2,CC(=O)O,Solvent,0.2065,,Cc1ccccc1,Solvent,0.7935,,,,,,,,,,0.8810000000000002,0.002,,,10.1016/j.jct.2017.07.035,asp
4939,-3087387850735966586,298.15,100.0,Liquid,2,C1CCCCC1,Solvent,0.2053,,CC(=O)O,Solvent,0.7947,,,,,,,,,,0.9400000000000002,0.002,,,10.1016/j.jct.2017.07.035,asp
4940,-6633829918778408882,298.15,100.0,Liquid,2,C1CCCCC1,Solvent,0.4908,,CC(=O)O,Solvent,0.5092,,,,,,,,,,0.8540000000000002,0.002,,,10.1016/j.jct.2017.07.035,asp
4941,391487070753370719,298.15,100.0,Liquid,2,C1CCCCC1,Solvent,0.7919,,CC(=O)O,Solvent,0.2080999999999999,,,,,,,,,,0.7990000000000002,0.002,,,10.1016/j.jct.2017.07.035,asp
6243,-3200130647348364067,298.15,101.3,Liquid,2,CC(=O)O,Solvent,0.2944,,CCOC(C)=O,Solvent,0.7056,,,,,,,,,,0.9255000000000002,0.00016,,,10.1021/je0342825,asp
6244,-8269257602739362497,298.15,101.3,Liquid,2,CC(=O)O,Solvent,0.5007,,CCOC(C)=O,Solvent,0.4992999999999999,,,,,,,,,,0.9514000000000002,0.00018,,,10.1021/je0342825,asp
6245,-6988758910652132801,298.15,101.3,Liquid,2,CC(=O)O,Solvent,0.7989,,CCOC(C)=O,Solvent,0.2010999999999999,,,,,,,,,,0.9996600000000002,0.000225,,,10.1021/je0342825,asp
6246,7247727817651710672,298.15,100.0,Liquid,2,CC(=O)O,Solvent,0.5,,CCOC(C)=O,Solvent,0.5,,,,,,0.0,0.0005,,,,,,,10.1021/je200595b,asp
6247,-4514842304185357432,298.15,101.3,Liquid,2,CC(=O)O,Solvent,0.3007,,COC(C)=O,Solvent,0.6993,,,,,,,,,,0.9575800000000004,0.00026,,,10.1021/je0342825,asp
6248,-591350393623619940,298.15,101.3,Liquid,2,CC(=O)O,Solvent,0.4937,,COC(C)=O,Solvent,0.5063,,,,,,,,,,0.9784000000000002,0.00026,,,10.1021/je0342825,asp
6249,-5375404882263547539,298.15,101.3,Liquid,2,CC(=O)O,Solvent,0.7943,,COC(C)=O,Solvent,0.2057,,,,,,,,,,1.0150500000000002,0.00027,,,10.1021/je0342825,asp
6250,-5683897823364718591,298.15,101.3,Liquid,2,CC(=O)O,Solvent,0.2971,,CCO,Solvent,0.7029000000000001,,,,,,,,,,0.8668600000000002,0.000195,,,10.1021/je0342825,asp
6251,6144773740644343016,298.15,101.3,Liquid,2,CC(=O)O,Solvent,0.4961,,CCO,Solvent,0.5039,,,,,,,,,,0.9199600000000002,0.0002,,,10.1021/je0342825,asp
6252,-5626793469812917367,298.15,101.3,Liquid,2,CC(=O)O,Solvent,0.7031,,CCO,Solvent,0.2969,,,,,,,,,,0.97355,0.00021,,,10.1021/je0342825,asp
6253,979431272907395905,298.15,100.0,Liquid,2,CC(=O)O,Solvent,0.5,,CCO,Solvent,0.5,,,,,,0.0,0.0005,,,,,,,10.1021/je200595b,asp
6254,-777480254491460565,298.15,101.3,Liquid,2,CC(=O)O,Solvent,0.2016,,CO,Solvent,0.7984,,,,,,,,,,0.8627100000000002,0.00019,,,10.1021/je0342825,asp
6255,-6072846040177789782,298.15,101.3,Liquid,2,CC(=O)O,Solvent,0.4992,,CO,Solvent,0.5008,,,,,,,,,,0.9511600000000002,0.00019,,,10.1021/je0342825,asp
6256,-7757977600737693061,298.15,101.3,Liquid,2,CC(=O)O,Solvent,0.7969,,CO,Solvent,0.2030999999999999,,,,,,,,,,1.0147200000000005,0.00023,,,10.1021/je0342825,asp
6257,-8926125516613584543,298.15,101.3,Liquid,2,CC(=O)O,Solvent,0.5012,,O,Solvent,0.4988,,,,,,,,,,1.0647700000000002,0.000185,,,10.1021/je0342825,asp
6258,-8516770459921636296,298.15,101.3,Liquid,2,CC(=O)O,Solvent,0.7004,,O,Solvent,0.2996,,,,,,,,,,1.0612200000000005,0.000225,,,10.1021/je0342825,asp
6259,-2865610477956703578,298.15,101.0,Liquid,2,CC(=O)O,Solvent,0.2288,,O,Solvent,0.7712,,,,,,,,,,1.0524600000000004,0.000215,,,10.1021/je060084c,asp
6288,-5799760925185375963,298.15,100.0,Liquid,2,CC(=O)O,Solvent,0.75,,CC(=O)OC(C)=O,Solvent,0.25,,,,,,0.217,0.0055,,,,,,,10.1021/je200595b,asp
6289,7431476778190729243,298.15,100.0,Liquid,2,CC(=O)O,Solvent,0.5,,CC(=O)OC(C)=O,Solvent,0.5,,,,,,0.356,0.009,,,,,,,10.1021/je200595b,asp
6290,-2400666031254852395,298.15,100.0,Liquid,2,CC(=O)O,Solvent,0.25,,CC(=O)OC(C)=O,Solvent,0.75,,,,,,0.317,0.008,,,,,,,10.1021/je200595b,asp
6291,8117742571297747833,298.15,101.0,Liquid,2,CC(=O)O,Solvent,0.2,,CC(=O)OC(C)=O,Solvent,0.8,,,,,,,,,,1.0711800000000002,0.000665,,,10.1021/je8003782,asp
6292,460100342429639918,298.15,101.0,Liquid,2,CC(=O)O,Solvent,0.4999,,CC(=O)OC(C)=O,Solvent,0.5001,,,,,,,,,,1.0636600000000005,0.00056,,,10.1021/je8003782,asp
6293,-2631398730743441986,298.15,101.0,Liquid,2,CC(=O)O,Solvent,0.8004,,CC(=O)OC(C)=O,Solvent,0.1996,,,,,,,,,,1.0534100000000004,0.00047,,,10.1021/je8003782,asp
6649,5571079067647913921,303.15,101.0,Liquid,2,CC(=O)O,Solvent,0.2009,,CN(C)C=O,Solvent,0.7991,,,,,,,,,,0.96118,0.00019,,,10.1021/je700755t,asp
6650,518742248219357033,303.15,101.0,Liquid,2,CC(=O)O,Solvent,0.5014,,CN(C)C=O,Solvent,0.4986,,,,,,,,,,0.9963300000000004,0.000145,,,10.1021/je700755t,asp
6651,992750714008887087,303.15,101.0,Liquid,2,CC(=O)O,Solvent,0.7011,,CN(C)C=O,Solvent,0.2989,,,,,,,,,,1.01812,0.00017,,,10.1021/je700755t,asp
6867,1320480541925163608,298.15,101.0,Liquid,2,CC(=O)O,Solvent,0.2405,,CC(C)CO,Solvent,0.7595000000000001,,,,,,,,,,0.8386900000000003,9.500000000000002e-05,,,10.1021/je201102x,asp
6868,3260536694673766979,298.15,101.0,Liquid,2,CC(=O)O,Solvent,0.4803,,CC(C)CO,Solvent,0.5197,,,,,,,,,,0.8882700000000002,7.000000000000002e-05,,,10.1021/je201102x,asp
6869,-7599139551798052996,298.15,101.0,Liquid,2,CC(=O)O,Solvent,0.7199,,CC(C)CO,Solvent,0.2801,,,,,,,,,,0.94979,5.0000000000000016e-05,,,10.1021/je201102x,asp
6870,7486625250452717554,293.15,101.0,Liquid,2,CC(=O)O,Solvent,0.2361,,CCC(C)(C)O,Solvent,0.7639,,,,,,,,,,0.8380100000000001,6.0000000000000015e-05,,,10.1021/je201102x,asp
6871,-9120013554464250395,293.15,101.0,Liquid,2,CC(=O)O,Solvent,0.4798,,CCC(C)(C)O,Solvent,0.5202,,,,,,,,,,0.8828000000000001,5.5000000000000016e-05,,,10.1021/je201102x,asp
6872,-6690501719383557953,293.15,101.0,Liquid,2,CC(=O)O,Solvent,0.7195,,CCC(C)(C)O,Solvent,0.2804999999999999,,,,,,,,,,0.9418300000000004,4.500000000000001e-05,,,10.1021/je201102x,asp
7761,-8320277232819745537,298.15,101.0,Liquid,2,CC(=O)O,Solvent,0.2833,,Cc1cccc(C)c1,Solvent,0.7167,,,,,,,,,,0.8840000000000002,0.000155,,,10.1021/je201211f,asp
7762,8627541216930573431,298.15,101.0,Liquid,2,CC(=O)O,Solvent,0.4801,,Cc1cccc(C)c1,Solvent,0.5199,,,,,,,,,,0.9078800000000002,0.00015,,,10.1021/je201211f,asp
7763,2621251106932328471,298.15,101.0,Liquid,2,CC(=O)O,Solvent,0.7214,,Cc1cccc(C)c1,Solvent,0.2785999999999999,,,,,,,,,,0.9510800000000004,0.00015,,,10.1021/je201211f,asp
7764,-8120532398861172222,298.15,101.0,Liquid,2,CC(=O)O,Solvent,0.2399,,Cc1ccccc1C,Solvent,0.7601,,,,,,,,,,0.8937400000000002,0.000155,,,10.1021/je201211f,asp
7765,7552478377549799374,298.15,101.0,Liquid,2,CC(=O)O,Solvent,0.479,,Cc1ccccc1C,Solvent,0.521,,,,,,,,,,0.9197000000000004,0.00015,,,10.1021/je201211f,asp
7766,-32128366957530246,298.15,101.0,Liquid,2,CC(=O)O,Solvent,0.7184,,Cc1ccccc1C,Solvent,0.2815999999999999,,,,,,,,,,0.9589200000000002,0.00015,,,10.1021/je201211f,asp
7767,7901430616286709718,298.15,101.0,Liquid,2,CC(=O)O,Solvent,0.2466,,Cc1ccc(C)cc1,Solvent,0.7534,,,,,,,,,,0.8774000000000002,0.00016,,,10.1021/je201211f,asp
7768,7065450325955112368,298.15,101.0,Liquid,2,CC(=O)O,Solvent,0.4717,,Cc1ccc(C)cc1,Solvent,0.5283,,,,,,,,,,0.90417,0.000155,,,10.1021/je201211f,asp
7769,4721937366494279772,298.15,101.0,Liquid,2,CC(=O)O,Solvent,0.7299,,Cc1ccc(C)cc1,Solvent,0.2701,,,,,,,,,,0.9517800000000002,0.00015,,,10.1021/je201211f,asp
8836,-5528061463326826054,298.15,101.0,Liquid,2,C1N2CN3CN1CN(C2)C3,Solvent,0.15,,CC(=O)O,Solvent,0.85,,,,,,,,,,1.1061800000000004,0.00119,,,10.1021/je8003782,asp
